This is XeTeX, Version 3.141592653-2.6-0.999997 (TeX Live 2025) (preloaded format=xelatex 2026.7.4)  19 SEP 2026 18:37
entering extended mode
 restricted \write18 enabled.
 %&-line parsing enabled.
**EcoStat.tex
(./EcoStat.tex
LaTeX2e <2025-11-01>
L3 programming layer <2025-11-14>
(/Users/jrenne/Library/TinyTeX/texmf-dist/tex/latex/base/book.cls
Document Class: book 2025/01/22 v1.4n Standard LaTeX document class
(/Users/jrenne/Library/TinyTeX/texmf-dist/tex/latex/base/bk11.clo
File: bk11.clo 2025/01/22 v1.4n Standard LaTeX file (size option)
)
\c@part=\count271
\c@chapter=\count272
\c@section=\count273
\c@subsection=\count274
\c@subsubsection=\count275
\c@paragraph=\count276
\c@subparagraph=\count277
\c@figure=\count278
\c@table=\count279
\abovecaptionskip=\skip49
\belowcaptionskip=\skip50
\bibindent=\dimen148
) (/Users/jrenne/Library/TinyTeX/texmf-dist/tex/latex/amsmath/amsmath.sty
Package: amsmath 2025/07/09 v2.17z AMS math features
\@mathmargin=\skip51
For additional information on amsmath, use the `?' option.
(/Users/jrenne/Library/TinyTeX/texmf-dist/tex/latex/amsmath/amstext.sty
Package: amstext 2024/11/17 v2.01 AMS text
(/Users/jrenne/Library/TinyTeX/texmf-dist/tex/latex/amsmath/amsgen.sty
File: amsgen.sty 1999/11/30 v2.0 generic functions
\@emptytoks=\toks17
\ex@=\dimen149
)) (/Users/jrenne/Library/TinyTeX/texmf-dist/tex/latex/amsmath/amsbsy.sty
Package: amsbsy 1999/11/29 v1.2d Bold Symbols
\pmbraise@=\dimen150
) (/Users/jrenne/Library/TinyTeX/texmf-dist/tex/latex/amsmath/amsopn.sty
Package: amsopn 2022/04/08 v2.04 operator names
)
\inf@bad=\count280
LaTeX Info: Redefining \frac on input line 233.
\uproot@=\count281
\leftroot@=\count282
LaTeX Info: Redefining \overline on input line 398.
LaTeX Info: Redefining \colon on input line 409.
\classnum@=\count283
\DOTSCASE@=\count284
LaTeX Info: Redefining \ldots on input line 495.
LaTeX Info: Redefining \dots on input line 498.
LaTeX Info: Redefining \cdots on input line 619.
\Mathstrutbox@=\box53
\strutbox@=\box54
LaTeX Info: Redefining \big on input line 721.
LaTeX Info: Redefining \Big on input line 722.
LaTeX Info: Redefining \bigg on input line 723.
LaTeX Info: Redefining \Bigg on input line 724.
\big@size=\dimen151
LaTeX Font Info:    Redeclaring font encoding OML on input line 742.
LaTeX Font Info:    Redeclaring font encoding OMS on input line 743.
\macc@depth=\count285
LaTeX Info: Redefining \bmod on input line 904.
LaTeX Info: Redefining \pmod on input line 909.
LaTeX Info: Redefining \smash on input line 939.
LaTeX Info: Redefining \relbar on input line 969.
LaTeX Info: Redefining \Relbar on input line 970.
\c@MaxMatrixCols=\count286
\dotsspace@=\muskip17
\c@parentequation=\count287
\dspbrk@lvl=\count288
\tag@help=\toks18
\row@=\count289
\column@=\count290
\maxfields@=\count291
\andhelp@=\toks19
\eqnshift@=\dimen152
\alignsep@=\dimen153
\tagshift@=\dimen154
\tagwidth@=\dimen155
\totwidth@=\dimen156
\lineht@=\dimen157
\@envbody=\toks20
\multlinegap=\skip52
\multlinetaggap=\skip53
\mathdisplay@stack=\toks21
LaTeX Info: Redefining \[ on input line 2950.
LaTeX Info: Redefining \] on input line 2951.
) (/Users/jrenne/Library/TinyTeX/texmf-dist/tex/latex/amsfonts/amssymb.sty
Package: amssymb 2013/01/14 v3.01 AMS font symbols
(/Users/jrenne/Library/TinyTeX/texmf-dist/tex/latex/amsfonts/amsfonts.sty
Package: amsfonts 2013/01/14 v3.01 Basic AMSFonts support
\symAMSa=\mathgroup4
\symAMSb=\mathgroup5
LaTeX Font Info:    Redeclaring math symbol \hbar on input line 98.
LaTeX Font Info:    Overwriting math alphabet `\mathfrak' in version `bold'
(Font)                  U/euf/m/n --> U/euf/b/n on input line 106.
)) (/Users/jrenne/Library/TinyTeX/texmf-dist/tex/generic/iftex/iftex.sty
Package: iftex 2024/12/12 v1.0g TeX engine tests
) (/Users/jrenne/Library/TinyTeX/texmf-dist/tex/latex/unicode-math/unicode-math.sty (/Users/jrenne/Library/TinyTeX/texmf-dist/tex/latex/l3kernel/expl3.sty
Package: expl3 2025-11-14 L3 programming layer (loader) 
(/Users/jrenne/Library/TinyTeX/texmf-dist/tex/latex/l3backend/l3backend-xetex.def
File: l3backend-xetex.def 2025-10-09 L3 backend support: XeTeX
\g__graphics_track_int=\count292
\g__pdfannot_backend_int=\count293
\g__pdfannot_backend_link_int=\count294
))
Package: unicode-math 2023/08/13 v0.8r Unicode maths in XeLaTeX and LuaLaTeX
(/Users/jrenne/Library/TinyTeX/texmf-dist/tex/latex/unicode-math/unicode-math-xetex.sty
Package: unicode-math-xetex 2023/08/13 v0.8r Unicode maths in XeLaTeX and LuaLaTeX
(/Users/jrenne/Library/TinyTeX/texmf-dist/tex/latex/l3packages/xparse/xparse.sty
Package: xparse 2025-10-09 L3 Experimental document command parser
) (/Users/jrenne/Library/TinyTeX/texmf-dist/tex/latex/l3packages/l3keys2e/l3keys2e.sty
Package: l3keys2e 2025-10-09 LaTeX2e option processing using LaTeX3 keys
) (/Users/jrenne/Library/TinyTeX/texmf-dist/tex/latex/fontspec/fontspec.sty
Package: fontspec 2025/09/29 v2.9g Font selection for XeLaTeX and LuaLaTeX
(/Users/jrenne/Library/TinyTeX/texmf-dist/tex/latex/fontspec/fontspec-xetex.sty
Package: fontspec-xetex 2025/09/29 v2.9g Font selection for XeLaTeX and LuaLaTeX
\l__fontspec_script_int=\count295
\l__fontspec_language_int=\count296
\l__fontspec_strnum_int=\count297
\l__fontspec_tmp_int=\count298
\l__fontspec_tmpa_int=\count299
\l__fontspec_tmpb_int=\count300
\l__fontspec_tmpc_int=\count301
\l__fontspec_em_int=\count302
\l__fontspec_emdef_int=\count303
\l__fontspec_strong_int=\count304
\l__fontspec_strongdef_int=\count305
\l__fontspec_tmpa_dim=\dimen158
\l__fontspec_tmpb_dim=\dimen159
\l__fontspec_tmpc_dim=\dimen160
(/Users/jrenne/Library/TinyTeX/texmf-dist/tex/latex/base/fontenc.sty
Package: fontenc 2025/07/18 v2.1d Standard LaTeX package
) (/Users/jrenne/Library/TinyTeX/texmf-dist/tex/latex/fontspec/fontspec.cfg))) (/Users/jrenne/Library/TinyTeX/texmf-dist/tex/latex/base/fix-cm.sty
Package: fix-cm 2020/11/24 v1.1t fixes to LaTeX
(/Users/jrenne/Library/TinyTeX/texmf-dist/tex/latex/base/ts1enc.def
File: ts1enc.def 2001/06/05 v3.0e (jk/car/fm) Standard LaTeX file
LaTeX Font Info:    Redeclaring font encoding TS1 on input line 47.
LaTeX Encoding Info:    Redeclaring text command \capitalcedilla (encoding TS1) on input line 49.
LaTeX Encoding Info:    Redeclaring text command \capitalogonek (encoding TS1) on input line 52.
LaTeX Encoding Info:    Redeclaring text command \capitalgrave (encoding TS1) on input line 55.
LaTeX Encoding Info:    Redeclaring text command \capitalacute (encoding TS1) on input line 56.
LaTeX Encoding Info:    Redeclaring text command \capitalcircumflex (encoding TS1) on input line 57.
LaTeX Encoding Info:    Redeclaring text command \capitaltilde (encoding TS1) on input line 58.
LaTeX Encoding Info:    Redeclaring text command \capitaldieresis (encoding TS1) on input line 59.
LaTeX Encoding Info:    Redeclaring text command \capitalhungarumlaut (encoding TS1) on input line 60.
LaTeX Encoding Info:    Redeclaring text command \capitalring (encoding TS1) on input line 61.
LaTeX Encoding Info:    Redeclaring text command \capitalcaron (encoding TS1) on input line 62.
LaTeX Encoding Info:    Redeclaring text command \capitalbreve (encoding TS1) on input line 63.
LaTeX Encoding Info:    Redeclaring text command \capitalmacron (encoding TS1) on input line 64.
LaTeX Encoding Info:    Redeclaring text command \capitaldotaccent (encoding TS1) on input line 65.
LaTeX Encoding Info:    Redeclaring text command \t (encoding TS1) on input line 66.
LaTeX Encoding Info:    Redeclaring text command \capitaltie (encoding TS1) on input line 67.
LaTeX Encoding Info:    Redeclaring text command \newtie (encoding TS1) on input line 68.
LaTeX Encoding Info:    Redeclaring text command \capitalnewtie (encoding TS1) on input line 69.
LaTeX Encoding Info:    Redeclaring text symbol \textcapitalcompwordmark (encoding TS1) on input line 70.
LaTeX Encoding Info:    Redeclaring text symbol \textascendercompwordmark (encoding TS1) on input line 71.
LaTeX Encoding Info:    Redeclaring text symbol \textquotestraightbase (encoding TS1) on input line 72.
LaTeX Encoding Info:    Redeclaring text symbol \textquotestraightdblbase (encoding TS1) on input line 73.
LaTeX Encoding Info:    Redeclaring text symbol \texttwelveudash (encoding TS1) on input line 74.
LaTeX Encoding Info:    Redeclaring text symbol \textthreequartersemdash (encoding TS1) on input line 75.
LaTeX Encoding Info:    Redeclaring text symbol \textleftarrow (encoding TS1) on input line 76.
LaTeX Encoding Info:    Redeclaring text symbol \textrightarrow (encoding TS1) on input line 77.
LaTeX Encoding Info:    Redeclaring text symbol \textblank (encoding TS1) on input line 78.
LaTeX Encoding Info:    Redeclaring text symbol \textdollar (encoding TS1) on input line 79.
LaTeX Encoding Info:    Redeclaring text symbol \textquotesingle (encoding TS1) on input line 80.
LaTeX Encoding Info:    Redeclaring text command \textasteriskcentered (encoding TS1) on input line 81.
LaTeX Encoding Info:    Redeclaring text symbol \textdblhyphen (encoding TS1) on input line 92.
LaTeX Encoding Info:    Redeclaring text symbol \textfractionsolidus (encoding TS1) on input line 93.
LaTeX Encoding Info:    Redeclaring text symbol \textzerooldstyle (encoding TS1) on input line 94.
LaTeX Encoding Info:    Redeclaring text symbol \textoneoldstyle (encoding TS1) on input line 95.
LaTeX Encoding Info:    Redeclaring text symbol \texttwooldstyle (encoding TS1) on input line 96.
LaTeX Encoding Info:    Redeclaring text symbol \textthreeoldstyle (encoding TS1) on input line 97.
LaTeX Encoding Info:    Redeclaring text symbol \textfouroldstyle (encoding TS1) on input line 98.
LaTeX Encoding Info:    Redeclaring text symbol \textfiveoldstyle (encoding TS1) on input line 99.
LaTeX Encoding Info:    Redeclaring text symbol \textsixoldstyle (encoding TS1) on input line 100.
LaTeX Encoding Info:    Redeclaring text symbol \textsevenoldstyle (encoding TS1) on input line 101.
LaTeX Encoding Info:    Redeclaring text symbol \texteightoldstyle (encoding TS1) on input line 102.
LaTeX Encoding Info:    Redeclaring text symbol \textnineoldstyle (encoding TS1) on input line 103.
LaTeX Encoding Info:    Redeclaring text symbol \textlangle (encoding TS1) on input line 104.
LaTeX Encoding Info:    Redeclaring text symbol \textminus (encoding TS1) on input line 105.
LaTeX Encoding Info:    Redeclaring text symbol \textrangle (encoding TS1) on input line 106.
LaTeX Encoding Info:    Redeclaring text symbol \textmho (encoding TS1) on input line 107.
LaTeX Encoding Info:    Redeclaring text symbol \textbigcircle (encoding TS1) on input line 108.
LaTeX Encoding Info:    Redeclaring text command \textcircled (encoding TS1) on input line 109.
LaTeX Encoding Info:    Redeclaring text symbol \textohm (encoding TS1) on input line 115.
LaTeX Encoding Info:    Redeclaring text symbol \textlbrackdbl (encoding TS1) on input line 116.
LaTeX Encoding Info:    Redeclaring text symbol \textrbrackdbl (encoding TS1) on input line 117.
LaTeX Encoding Info:    Redeclaring text symbol \textuparrow (encoding TS1) on input line 118.
LaTeX Encoding Info:    Redeclaring text symbol \textdownarrow (encoding TS1) on input line 119.
LaTeX Encoding Info:    Redeclaring text symbol \textasciigrave (encoding TS1) on input line 120.
LaTeX Encoding Info:    Redeclaring text symbol \textborn (encoding TS1) on input line 121.
LaTeX Encoding Info:    Redeclaring text symbol \textdivorced (encoding TS1) on input line 122.
LaTeX Encoding Info:    Redeclaring text symbol \textdied (encoding TS1) on input line 123.
LaTeX Encoding Info:    Redeclaring text symbol \textleaf (encoding TS1) on input line 124.
LaTeX Encoding Info:    Redeclaring text symbol \textmarried (encoding TS1) on input line 125.
LaTeX Encoding Info:    Redeclaring text symbol \textmusicalnote (encoding TS1) on input line 126.
LaTeX Encoding Info:    Redeclaring text symbol \texttildelow (encoding TS1) on input line 127.
LaTeX Encoding Info:    Redeclaring text symbol \textdblhyphenchar (encoding TS1) on input line 128.
LaTeX Encoding Info:    Redeclaring text symbol \textasciibreve (encoding TS1) on input line 129.
LaTeX Encoding Info:    Redeclaring text symbol \textasciicaron (encoding TS1) on input line 130.
LaTeX Encoding Info:    Redeclaring text symbol \textacutedbl (encoding TS1) on input line 131.
LaTeX Encoding Info:    Redeclaring text symbol \textgravedbl (encoding TS1) on input line 132.
LaTeX Encoding Info:    Redeclaring text symbol \textdagger (encoding TS1) on input line 133.
LaTeX Encoding Info:    Redeclaring text symbol \textdaggerdbl (encoding TS1) on input line 134.
LaTeX Encoding Info:    Redeclaring text symbol \textbardbl (encoding TS1) on input line 135.
LaTeX Encoding Info:    Redeclaring text symbol \textperthousand (encoding TS1) on input line 136.
LaTeX Encoding Info:    Redeclaring text symbol \textbullet (encoding TS1) on input line 137.
LaTeX Encoding Info:    Redeclaring text symbol \textcelsius (encoding TS1) on input line 138.
LaTeX Encoding Info:    Redeclaring text symbol \textdollaroldstyle (encoding TS1) on input line 139.
LaTeX Encoding Info:    Redeclaring text symbol \textcentoldstyle (encoding TS1) on input line 140.
LaTeX Encoding Info:    Redeclaring text symbol \textflorin (encoding TS1) on input line 141.
LaTeX Encoding Info:    Redeclaring text symbol \textcolonmonetary (encoding TS1) on input line 142.
LaTeX Encoding Info:    Redeclaring text symbol \textwon (encoding TS1) on input line 143.
LaTeX Encoding Info:    Redeclaring text symbol \textnaira (encoding TS1) on input line 144.
LaTeX Encoding Info:    Redeclaring text symbol \textguarani (encoding TS1) on input line 145.
LaTeX Encoding Info:    Redeclaring text symbol \textpeso (encoding TS1) on input line 146.
LaTeX Encoding Info:    Redeclaring text symbol \textlira (encoding TS1) on input line 147.
LaTeX Encoding Info:    Redeclaring text symbol \textrecipe (encoding TS1) on input line 148.
LaTeX Encoding Info:    Redeclaring text symbol \textinterrobang (encoding TS1) on input line 149.
LaTeX Encoding Info:    Redeclaring text symbol \textinterrobangdown (encoding TS1) on input line 150.
LaTeX Encoding Info:    Redeclaring text symbol \textdong (encoding TS1) on input line 151.
LaTeX Encoding Info:    Redeclaring text symbol \texttrademark (encoding TS1) on input line 152.
LaTeX Encoding Info:    Redeclaring text symbol \textpertenthousand (encoding TS1) on input line 153.
LaTeX Encoding Info:    Redeclaring text symbol \textpilcrow (encoding TS1) on input line 154.
LaTeX Encoding Info:    Redeclaring text symbol \textbaht (encoding TS1) on input line 155.
LaTeX Encoding Info:    Redeclaring text symbol \textnumero (encoding TS1) on input line 156.
LaTeX Encoding Info:    Redeclaring text symbol \textdiscount (encoding TS1) on input line 157.
LaTeX Encoding Info:    Redeclaring text symbol \textestimated (encoding TS1) on input line 158.
LaTeX Encoding Info:    Redeclaring text symbol \textopenbullet (encoding TS1) on input line 159.
LaTeX Encoding Info:    Redeclaring text symbol \textservicemark (encoding TS1) on input line 160.
LaTeX Encoding Info:    Redeclaring text symbol \textlquill (encoding TS1) on input line 161.
LaTeX Encoding Info:    Redeclaring text symbol \textrquill (encoding TS1) on input line 162.
LaTeX Encoding Info:    Redeclaring text symbol \textcent (encoding TS1) on input line 163.
LaTeX Encoding Info:    Redeclaring text symbol \textsterling (encoding TS1) on input line 164.
LaTeX Encoding Info:    Redeclaring text symbol \textcurrency (encoding TS1) on input line 165.
LaTeX Encoding Info:    Redeclaring text symbol \textyen (encoding TS1) on input line 166.
LaTeX Encoding Info:    Redeclaring text symbol \textbrokenbar (encoding TS1) on input line 167.
LaTeX Encoding Info:    Redeclaring text symbol \textsection (encoding TS1) on input line 168.
LaTeX Encoding Info:    Redeclaring text symbol \textasciidieresis (encoding TS1) on input line 169.
LaTeX Encoding Info:    Redeclaring text symbol \textcopyright (encoding TS1) on input line 170.
LaTeX Encoding Info:    Redeclaring text symbol \textordfeminine (encoding TS1) on input line 171.
LaTeX Encoding Info:    Redeclaring text symbol \textcopyleft (encoding TS1) on input line 172.
LaTeX Encoding Info:    Redeclaring text symbol \textlnot (encoding TS1) on input line 173.
LaTeX Encoding Info:    Redeclaring text symbol \textcircledP (encoding TS1) on input line 174.
LaTeX Encoding Info:    Redeclaring text symbol \textregistered (encoding TS1) on input line 175.
LaTeX Encoding Info:    Redeclaring text symbol \textasciimacron (encoding TS1) on input line 176.
LaTeX Encoding Info:    Redeclaring text symbol \textdegree (encoding TS1) on input line 177.
LaTeX Encoding Info:    Redeclaring text symbol \textpm (encoding TS1) on input line 178.
LaTeX Encoding Info:    Redeclaring text symbol \texttwosuperior (encoding TS1) on input line 179.
LaTeX Encoding Info:    Redeclaring text symbol \textthreesuperior (encoding TS1) on input line 180.
LaTeX Encoding Info:    Redeclaring text symbol \textasciiacute (encoding TS1) on input line 181.
LaTeX Encoding Info:    Redeclaring text symbol \textmu (encoding TS1) on input line 182.
LaTeX Encoding Info:    Redeclaring text symbol \textparagraph (encoding TS1) on input line 183.
LaTeX Encoding Info:    Redeclaring text symbol \textperiodcentered (encoding TS1) on input line 184.
LaTeX Encoding Info:    Redeclaring text symbol \textreferencemark (encoding TS1) on input line 185.
LaTeX Encoding Info:    Redeclaring text symbol \textonesuperior (encoding TS1) on input line 186.
LaTeX Encoding Info:    Redeclaring text symbol \textordmasculine (encoding TS1) on input line 187.
LaTeX Encoding Info:    Redeclaring text symbol \textsurd (encoding TS1) on input line 188.
LaTeX Encoding Info:    Redeclaring text symbol \textonequarter (encoding TS1) on input line 189.
LaTeX Encoding Info:    Redeclaring text symbol \textonehalf (encoding TS1) on input line 190.
LaTeX Encoding Info:    Redeclaring text symbol \textthreequarters (encoding TS1) on input line 191.
LaTeX Encoding Info:    Redeclaring text symbol \texteuro (encoding TS1) on input line 192.
LaTeX Encoding Info:    Redeclaring text symbol \texttimes (encoding TS1) on input line 193.
LaTeX Encoding Info:    Redeclaring text symbol \textdiv (encoding TS1) on input line 194.
))
\g__um_fam_int=\count306
\g__um_fonts_used_int=\count307
\l__um_primecount_int=\count308
\g__um_primekern_muskip=\muskip18
(/Users/jrenne/Library/TinyTeX/texmf-dist/tex/latex/unicode-math/unicode-math-table.tex))) (/Users/jrenne/Library/TinyTeX/texmf-dist/tex/latex/lm/lmodern.sty
Package: lmodern 2015/05/01 v1.6.1 Latin Modern Fonts
LaTeX Font Info:    Overwriting symbol font `operators' in version `normal'
(Font)                  OT1/cmr/m/n --> OT1/lmr/m/n on input line 22.
LaTeX Font Info:    Overwriting symbol font `letters' in version `normal'
(Font)                  OML/cmm/m/it --> OML/lmm/m/it on input line 23.
LaTeX Font Info:    Overwriting symbol font `symbols' in version `normal'
(Font)                  OMS/cmsy/m/n --> OMS/lmsy/m/n on input line 24.
LaTeX Font Info:    Overwriting symbol font `largesymbols' in version `normal'
(Font)                  OMX/cmex/m/n --> OMX/lmex/m/n on input line 25.
LaTeX Font Info:    Overwriting symbol font `operators' in version `bold'
(Font)                  OT1/cmr/bx/n --> OT1/lmr/bx/n on input line 26.
LaTeX Font Info:    Overwriting symbol font `letters' in version `bold'
(Font)                  OML/cmm/b/it --> OML/lmm/b/it on input line 27.
LaTeX Font Info:    Overwriting symbol font `symbols' in version `bold'
(Font)                  OMS/cmsy/b/n --> OMS/lmsy/b/n on input line 28.
LaTeX Font Info:    Overwriting symbol font `largesymbols' in version `bold'
(Font)                  OMX/cmex/m/n --> OMX/lmex/m/n on input line 29.
LaTeX Font Info:    Overwriting math alphabet `\mathbf' in version `normal'
(Font)                  OT1/cmr/bx/n --> OT1/lmr/bx/n on input line 31.
LaTeX Font Info:    Overwriting math alphabet `\mathsf' in version `normal'
(Font)                  OT1/cmss/m/n --> OT1/lmss/m/n on input line 32.
LaTeX Font Info:    Overwriting math alphabet `\mathit' in version `normal'
(Font)                  OT1/cmr/m/it --> OT1/lmr/m/it on input line 33.
LaTeX Font Info:    Overwriting math alphabet `\mathtt' in version `normal'
(Font)                  OT1/cmtt/m/n --> OT1/lmtt/m/n on input line 34.
LaTeX Font Info:    Overwriting math alphabet `\mathbf' in version `bold'
(Font)                  OT1/cmr/bx/n --> OT1/lmr/bx/n on input line 35.
LaTeX Font Info:    Overwriting math alphabet `\mathsf' in version `bold'
(Font)                  OT1/cmss/bx/n --> OT1/lmss/bx/n on input line 36.
LaTeX Font Info:    Overwriting math alphabet `\mathit' in version `bold'
(Font)                  OT1/cmr/bx/it --> OT1/lmr/bx/it on input line 37.
LaTeX Font Info:    Overwriting math alphabet `\mathtt' in version `bold'
(Font)                  OT1/cmtt/m/n --> OT1/lmtt/m/n on input line 38.
) (/Users/jrenne/Library/TinyTeX/texmf-dist/tex/latex/microtype/microtype.sty
Package: microtype 2026/03/01 v3.2d Micro-typographical refinements (RS)
(/Users/jrenne/Library/TinyTeX/texmf-dist/tex/latex/graphics/keyval.sty
Package: keyval 2022/05/29 v1.15 key=value parser (DPC)
\KV@toks@=\toks22
) (/Users/jrenne/Library/TinyTeX/texmf-dist/tex/latex/etoolbox/etoolbox.sty
Package: etoolbox 2025/10/02 v2.5m e-TeX tools for LaTeX (JAW)
\etb@tempcnta=\count309
)
\MT@toks=\toks23
\MT@tempbox=\box55
\MT@count=\count310
LaTeX Info: Redefining \noprotrusionifhmode on input line 1084.
LaTeX Info: Redefining \leftprotrusion on input line 1085.
\MT@prot@toks=\toks24
LaTeX Info: Redefining \rightprotrusion on input line 1104.
LaTeX Info: Redefining \textls on input line 1449.
\MT@outer@kern=\dimen161
LaTeX Info: Redefining \microtypecontext on input line 2053.
LaTeX Info: Redefining \textmicrotypecontext on input line 2070.
\MT@listname@count=\count311
(/Users/jrenne/Library/TinyTeX/texmf-dist/tex/latex/microtype/microtype-xetex.def
File: microtype-xetex.def 2026/03/01 v3.2d Definitions specific to xetex (RS)
LaTeX Info: Redefining \lsstyle on input line 443.
LaTeX Info: Redefining \lslig on input line 451.
\MT@outer@space=\skip54
)
Package microtype Info: Loading configuration file microtype.cfg.
(/Users/jrenne/Library/TinyTeX/texmf-dist/tex/latex/microtype/microtype.cfg
File: microtype.cfg 2026/03/01 v3.2d microtype main configuration file (RS)
)
LaTeX Info: Redefining \microtypesetup on input line 3065.
) (/Users/jrenne/Library/TinyTeX/texmf-dist/tex/latex/parskip/parskip.sty
Package: parskip 2021-03-14 v2.0h non-zero parskip adjustments
(/Users/jrenne/Library/TinyTeX/texmf-dist/tex/latex/kvoptions/kvoptions.sty
Package: kvoptions 2022-06-15 v3.15 Key value format for package options (HO)
(/Users/jrenne/Library/TinyTeX/texmf-dist/tex/generic/ltxcmds/ltxcmds.sty
Package: ltxcmds 2023-12-04 v1.26 LaTeX kernel commands for general use (HO)
) (/Users/jrenne/Library/TinyTeX/texmf-dist/tex/latex/kvsetkeys/kvsetkeys.sty
Package: kvsetkeys 2022-10-05 v1.19 Key value parser (HO)
))) (/Users/jrenne/Library/TinyTeX/texmf-dist/tex/latex/xcolor/xcolor.sty
Package: xcolor 2024/09/29 v3.02 LaTeX color extensions (UK)
(/Users/jrenne/Library/TinyTeX/texmf-dist/tex/latex/graphics-cfg/color.cfg
File: color.cfg 2016/01/02 v1.6 sample color configuration
)
Package xcolor Info: Driver file: xetex.def on input line 274.
(/Users/jrenne/Library/TinyTeX/texmf-dist/tex/latex/graphics-def/xetex.def
File: xetex.def 2025/11/01 v5.0p Graphics/color driver for xetex
) (/Users/jrenne/Library/TinyTeX/texmf-dist/tex/latex/graphics/mathcolor.ltx)
Package xcolor Info: Model `cmy' substituted by `cmy0' on input line 1349.
Package xcolor Info: Model `RGB' extended on input line 1365.
Package xcolor Info: Model `HTML' substituted by `rgb' on input line 1367.
Package xcolor Info: Model `Hsb' substituted by `hsb' on input line 1368.
Package xcolor Info: Model `tHsb' substituted by `hsb' on input line 1369.
Package xcolor Info: Model `HSB' substituted by `hsb' on input line 1370.
Package xcolor Info: Model `Gray' substituted by `gray' on input line 1371.
Package xcolor Info: Model `wave' substituted by `hsb' on input line 1372.
) (/Users/jrenne/Library/TinyTeX/texmf-dist/tex/latex/fancyvrb/fancyvrb.sty
Package: fancyvrb 2025/07/28 4.6 verbatim text (tvz,hv)
\FV@CodeLineNo=\count312
\FV@InFile=\read2
\FV@TabBox=\box56
\c@FancyVerbLine=\count313
\FV@StepNumber=\count314
\FV@OutFile=\write3
) (/Users/jrenne/Library/TinyTeX/texmf-dist/tex/latex/framed/framed.sty
Package: framed 2011/10/22 v 0.96: framed or shaded text with page breaks
\OuterFrameSep=\skip55
\fb@frw=\dimen162
\fb@frh=\dimen163
\FrameRule=\dimen164
\FrameSep=\dimen165
) (/Users/jrenne/Library/TinyTeX/texmf-dist/tex/latex/tools/longtable.sty
Package: longtable 2025-10-13 v4.24 Multi-page Table package (DPC)
\LTleft=\skip56
\LTright=\skip57
\LTpre=\skip58
\LTpost=\skip59
\LTchunksize=\count315
\LTcapwidth=\dimen166
\LT@head=\box57
\LT@firsthead=\box58
\LT@foot=\box59
\LT@lastfoot=\box60
\LT@gbox=\box61
\LT@cols=\count316
\LT@rows=\count317
\c@LT@tables=\count318
\c@LT@chunks=\count319
\LT@p@ftn=\toks25
) (/Users/jrenne/Library/TinyTeX/texmf-dist/tex/latex/booktabs/booktabs.sty
Package: booktabs 2020/01/12 v1.61803398 Publication quality tables
\heavyrulewidth=\dimen167
\lightrulewidth=\dimen168
\cmidrulewidth=\dimen169
\belowrulesep=\dimen170
\belowbottomsep=\dimen171
\aboverulesep=\dimen172
\abovetopsep=\dimen173
\cmidrulesep=\dimen174
\cmidrulekern=\dimen175
\defaultaddspace=\dimen176
\@cmidla=\count320
\@cmidlb=\count321
\@aboverulesep=\dimen177
\@belowrulesep=\dimen178
\@thisruleclass=\count322
\@lastruleclass=\count323
\@thisrulewidth=\dimen179
) (/Users/jrenne/Library/TinyTeX/texmf-dist/tex/latex/tools/array.sty
Package: array 2025/09/25 v2.6n Tabular extension package (FMi)
\col@sep=\dimen180
\ar@mcellbox=\box62
\extrarowheight=\dimen181
\NC@list=\toks26
\extratabsurround=\skip60
\backup@length=\skip61
\ar@cellbox=\box63
) (/Users/jrenne/Library/TinyTeX/texmf-dist/tex/latex/tools/calc.sty
Package: calc 2025/03/01 v4.3b Infix arithmetic (KKT,FJ)
\calc@Acount=\count324
\calc@Bcount=\count325
\calc@Adimen=\dimen182
\calc@Bdimen=\dimen183
\calc@Askip=\skip62
\calc@Bskip=\skip63
LaTeX Info: Redefining \setlength on input line 86.
LaTeX Info: Redefining \addtolength on input line 87.
\calc@Ccount=\count326
\calc@Cskip=\skip64
) (/Users/jrenne/Library/TinyTeX/texmf-dist/tex/latex/footnotehyper/footnotehyper.sty
Package: footnotehyper 2025/11/15 v1.1f hyperref aware footnote.sty (JFB)
\FNH@notes=\box64
\FNH@width=\dimen184
\FNH@toks=\toks27
) (/Users/jrenne/Library/TinyTeX/texmf-dist/tex/latex/graphics/graphicx.sty
Package: graphicx 2024/12/31 v1.2e Enhanced LaTeX Graphics (DPC,SPQR)
(/Users/jrenne/Library/TinyTeX/texmf-dist/tex/latex/graphics/graphics.sty
Package: graphics 2024/08/06 v1.4g Standard LaTeX Graphics (DPC,SPQR)
(/Users/jrenne/Library/TinyTeX/texmf-dist/tex/latex/graphics/trig.sty
Package: trig 2023/12/02 v1.11 sin cos tan (DPC)
) (/Users/jrenne/Library/TinyTeX/texmf-dist/tex/latex/graphics-cfg/graphics.cfg
File: graphics.cfg 2016/06/04 v1.11 sample graphics configuration
)
Package graphics Info: Driver file: xetex.def on input line 106.
)
\Gin@req@height=\dimen185
\Gin@req@width=\dimen186
)
\pandoc@box=\box65
(/Users/jrenne/Library/TinyTeX/texmf-dist/tex/latex/amscls/amsthm.sty
Package: amsthm 2020/05/29 v2.20.6
\thm@style=\toks28
\thm@bodyfont=\toks29
\thm@headfont=\toks30
\thm@notefont=\toks31
\thm@headpunct=\toks32
\thm@preskip=\skip65
\thm@postskip=\skip66
\thm@headsep=\skip67
\dth@everypar=\toks33
) (/Users/jrenne/Library/TinyTeX/texmf-dist/tex/latex/geometry/geometry.sty
Package: geometry 2020/01/02 v5.9 Page Geometry
(/Users/jrenne/Library/TinyTeX/texmf-dist/tex/generic/iftex/ifvtex.sty
Package: ifvtex 2019/10/25 v1.7 ifvtex legacy package. Use iftex instead.
)
\Gm@cnth=\count327
\Gm@cntv=\count328
\c@Gm@tempcnt=\count329
\Gm@bindingoffset=\dimen187
\Gm@wd@mp=\dimen188
\Gm@odd@mp=\dimen189
\Gm@even@mp=\dimen190
\Gm@layoutwidth=\dimen191
\Gm@layoutheight=\dimen192
\Gm@layouthoffset=\dimen193
\Gm@layoutvoffset=\dimen194
\Gm@dimlist=\toks34
) (/Users/jrenne/Library/TinyTeX/texmf-dist/tex/latex/adjustbox/adjustbox.sty
Package: adjustbox 2025/02/26 v1.3c Adjusting TeX boxes (trim, clip, ...)
(/Users/jrenne/Library/TinyTeX/texmf-dist/tex/latex/xkeyval/xkeyval.sty
Package: xkeyval 2025/11/04 v2.10 package option processing (HA)
(/Users/jrenne/Library/TinyTeX/texmf-dist/tex/generic/xkeyval/xkeyval.tex (/Users/jrenne/Library/TinyTeX/texmf-dist/tex/generic/xkeyval/xkvutils.tex
\XKV@toks=\toks35
\XKV@tempa@toks=\toks36
\XKV@tempb@toks=\toks37
)
\XKV@depth=\count330
File: xkeyval.tex 2014/12/03 v2.7a key=value parser (HA)
)) (/Users/jrenne/Library/TinyTeX/texmf-dist/tex/latex/adjustbox/adjcalc.sty
Package: adjcalc 2012/05/16 v1.1 Provides advanced setlength with multiple back-ends (calc, etex, pgfmath)
) (/Users/jrenne/Library/TinyTeX/texmf-dist/tex/latex/adjustbox/trimclip.sty
Package: trimclip 2025/02/21 v1.2a Trim and clip general TeX material
(/Users/jrenne/Library/TinyTeX/texmf-dist/tex/latex/collectbox/collectbox.sty
Package: collectbox 2022/10/17 v0.4c Collect macro arguments as boxes
\collectedbox=\box66
)
\tc@llx=\dimen195
\tc@lly=\dimen196
\tc@urx=\dimen197
\tc@ury=\dimen198
Package trimclip Info: Using driver 'tc-xetex.def'.
(/Users/jrenne/Library/TinyTeX/texmf-dist/tex/latex/adjustbox/tc-xetex.def
File: tc-xetex.def 2019/01/04 v2.2 Clipping driver for xetex
))
\adjbox@Width=\dimen199
\adjbox@Height=\dimen256
\adjbox@Depth=\dimen257
\adjbox@Totalheight=\dimen258
\adjbox@pwidth=\dimen259
\adjbox@pheight=\dimen260
\adjbox@pdepth=\dimen261
\adjbox@ptotalheight=\dimen262
(/Users/jrenne/Library/TinyTeX/texmf-dist/tex/latex/varwidth/varwidth.sty
Package: varwidth 2009/03/30 ver 0.92;  Variable-width minipages
\@vwid@box=\box67
\sift@deathcycles=\count331
\@vwid@loff=\dimen263
\@vwid@roff=\dimen264
)
==> First Aid for varwidth.sty applied!
) (/Users/jrenne/Library/TinyTeX/texmf-dist/tex/latex/caption/caption.sty
Package: caption 2023/08/05 v3.6o Customizing captions (AR)
(/Users/jrenne/Library/TinyTeX/texmf-dist/tex/latex/caption/caption3.sty
Package: caption3 2023/07/31 v2.4d caption3 kernel (AR)
\caption@tempdima=\dimen265
\captionmargin=\dimen266
\caption@leftmargin=\dimen267
\caption@rightmargin=\dimen268
\caption@width=\dimen269
\caption@indent=\dimen270
\caption@parindent=\dimen271
\caption@hangindent=\dimen272
Package caption Info: Standard document class detected.
)
\c@caption@flags=\count332
\c@continuedfloat=\count333
Package caption Info: longtable package is loaded.
(/Users/jrenne/Library/TinyTeX/texmf-dist/tex/latex/caption/ltcaption.sty
Package: ltcaption 2021/01/08 v1.4c longtable captions (AR)
)) (/Users/jrenne/Library/TinyTeX/texmf-dist/tex/latex/float/float.sty
Package: float 2001/11/08 v1.3d Float enhancements (AL)
\c@float@type=\count334
\float@exts=\toks38
\float@box=\box68
\@float@everytoks=\toks39
\@floatcapt=\box69
) (/Users/jrenne/Library/TinyTeX/texmf-dist/tex/latex/needspace/needspace.sty
Package: needspace 2025/03/13 v1.3e reserve vertical space
) (./pdf-boxes.tex (/Users/jrenne/Library/TinyTeX/texmf-dist/tex/latex/mdframed/mdframed.sty
Package: mdframed 2013/07/01 1.9b: mdframed
(/Users/jrenne/Library/TinyTeX/texmf-dist/tex/latex/zref/zref-abspage.sty
Package: zref-abspage 2025-06-08 v2.36 Module abspage for zref (HO)
(/Users/jrenne/Library/TinyTeX/texmf-dist/tex/latex/zref/zref-base.sty
Package: zref-base 2025-06-08 v2.36 Module base for zref (HO)
(/Users/jrenne/Library/TinyTeX/texmf-dist/tex/generic/infwarerr/infwarerr.sty
Package: infwarerr 2019/12/03 v1.5 Providing info/warning/error messages (HO)
) (/Users/jrenne/Library/TinyTeX/texmf-dist/tex/generic/kvdefinekeys/kvdefinekeys.sty
Package: kvdefinekeys 2019-12-19 v1.6 Define keys (HO)
) (/Users/jrenne/Library/TinyTeX/texmf-dist/tex/generic/pdftexcmds/pdftexcmds.sty
Package: pdftexcmds 2020-06-27 v0.33 Utility functions of pdfTeX for LuaTeX (HO)
Package pdftexcmds Info: \pdf@primitive is available.
Package pdftexcmds Info: \pdf@ifprimitive is available.
Package pdftexcmds Info: \pdfdraftmode not found.
) (/Users/jrenne/Library/TinyTeX/texmf-dist/tex/generic/etexcmds/etexcmds.sty
Package: etexcmds 2019/12/15 v1.7 Avoid name clashes with e-TeX commands (HO)
) (/Users/jrenne/Library/TinyTeX/texmf-dist/tex/latex/auxhook/auxhook.sty
Package: auxhook 2019-12-17 v1.6 Hooks for auxiliary files (HO)
)
Package zref Info: New property list: main on input line 767.
Package zref Info: New property: default on input line 768.
Package zref Info: New property: page on input line 769.
)
\c@abspage=\count335
Package zref Info: New property: abspage on input line 67.
)
\mdf@templength=\skip68
\c@mdf@globalstyle@cnt=\count336
\mdf@skipabove@length=\skip69
\mdf@skipbelow@length=\skip70
\mdf@leftmargin@length=\skip71
\mdf@rightmargin@length=\skip72
\mdf@innerleftmargin@length=\skip73
\mdf@innerrightmargin@length=\skip74
\mdf@innertopmargin@length=\skip75
\mdf@innerbottommargin@length=\skip76
\mdf@splittopskip@length=\skip77
\mdf@splitbottomskip@length=\skip78
\mdf@outermargin@length=\skip79
\mdf@innermargin@length=\skip80
\mdf@linewidth@length=\skip81
\mdf@innerlinewidth@length=\skip82
\mdf@middlelinewidth@length=\skip83
\mdf@outerlinewidth@length=\skip84
\mdf@roundcorner@length=\skip85
\mdf@footenotedistance@length=\skip86
\mdf@userdefinedwidth@length=\skip87
\mdf@needspace@length=\skip88
\mdf@frametitleaboveskip@length=\skip89
\mdf@frametitlebelowskip@length=\skip90
\mdf@frametitlerulewidth@length=\skip91
\mdf@frametitleleftmargin@length=\skip92
\mdf@frametitlerightmargin@length=\skip93
\mdf@shadowsize@length=\skip94
\mdf@extratopheight@length=\skip95
\mdf@subtitleabovelinewidth@length=\skip96
\mdf@subtitlebelowlinewidth@length=\skip97
\mdf@subtitleaboveskip@length=\skip98
\mdf@subtitlebelowskip@length=\skip99
\mdf@subtitleinneraboveskip@length=\skip100
\mdf@subtitleinnerbelowskip@length=\skip101
\mdf@subsubtitleabovelinewidth@length=\skip102
\mdf@subsubtitlebelowlinewidth@length=\skip103
\mdf@subsubtitleaboveskip@length=\skip104
\mdf@subsubtitlebelowskip@length=\skip105
\mdf@subsubtitleinneraboveskip@length=\skip106
\mdf@subsubtitleinnerbelowskip@length=\skip107
(/Users/jrenne/Library/TinyTeX/texmf-dist/tex/latex/mdframed/md-frame-0.mdf
File: md-frame-0.mdf 2013/07/01\ 1.9b: md-frame-0
)
\mdf@frametitlebox=\box70
\mdf@footnotebox=\box71
\mdf@splitbox@one=\box72
\mdf@splitbox@two=\box73
\mdf@splitbox@save=\box74
\mdfsplitboxwidth=\skip108
\mdfsplitboxtotalwidth=\skip109
\mdfsplitboxheight=\skip110
\mdfsplitboxdepth=\skip111
\mdfsplitboxtotalheight=\skip112
\mdfframetitleboxwidth=\skip113
\mdfframetitleboxtotalwidth=\skip114
\mdfframetitleboxheight=\skip115
\mdfframetitleboxdepth=\skip116
\mdfframetitleboxtotalheight=\skip117
\mdffootnoteboxwidth=\skip118
\mdffootnoteboxtotalwidth=\skip119
\mdffootnoteboxheight=\skip120
\mdffootnoteboxdepth=\skip121
\mdffootnoteboxtotalheight=\skip122
\mdftotallinewidth=\skip123
\mdfboundingboxwidth=\skip124
\mdfboundingboxtotalwidth=\skip125
\mdfboundingboxheight=\skip126
\mdfboundingboxdepth=\skip127
\mdfboundingboxtotalheight=\skip128
\mdf@freevspace@length=\skip129
\mdf@horizontalwidthofbox@length=\skip130
\mdf@verticalmarginwhole@length=\skip131
\mdf@horizontalspaceofbox=\skip132
\mdfsubtitleheight=\skip133
\mdfsubsubtitleheight=\skip134
\c@mdfcountframes=\count337

****** mdframed patching \endmdf@trivlist

****** -- success******

\mdf@envdepth=\count338
\c@mdf@env@i=\count339
\c@mdf@env@ii=\count340
\c@mdf@zref@counter=\count341
Package zref Info: New property: mdf@pagevalue on input line 895.
))

Package fontspec Info: 
(fontspec)             Arial scale = 0.8311539639799423.


Package fontspec Info: 
(fontspec)             Arial scale = 1.


Package fontspec Info: 
(fontspec)             Arial scale = 0.8311539639799423.


Package fontspec Info: 
(fontspec)             Arial scale = 1.


Package fontspec Info: 
(fontspec)             Arial/B scale = 0.8311539639799423.


Package fontspec Info: 
(fontspec)             Arial/B scale = 1.


Package fontspec Info: 
(fontspec)             Arial/I scale = 0.8311539639799423.


Package fontspec Info: 
(fontspec)             Arial/I scale = 1.


Package fontspec Info: 
(fontspec)             Arial/BI scale = 0.8311539639799423.


Package fontspec Info: 
(fontspec)             Arial/BI scale = 1.


Package fontspec Info: 
(fontspec)             Font family 'Arial(0)' created for font 'Arial' with
(fontspec)             options [Scale=MatchLowercase,Ligatures=TeX,Scale=1].
(fontspec)              
(fontspec)              This font family consists of the following NFSS
(fontspec)             series/shapes:
(fontspec)              
(fontspec)             - 'normal' (m/n) with NFSS spec.:
(fontspec)             <->s*[1]"Arial/OT:script=latn;language=dflt;mapping=tex-text;"
(fontspec)             - 'bold' (b/n) with NFSS spec.:
(fontspec)             <->s*[1]"Arial/B/OT:script=latn;language=dflt;mapping=tex-text;"
(fontspec)             - 'italic' (m/it) with NFSS spec.:
(fontspec)             <->s*[1]"Arial/I/OT:script=latn;language=dflt;mapping=tex-text;"
(fontspec)             - 'bold italic' (b/it) with NFSS spec.:
(fontspec)             <->s*[1]"Arial/BI/OT:script=latn;language=dflt;mapping=tex-text;"

LaTeX Font Info:    Font shape `TU/Arial(0)/m/n' will be
(Font)              scaled to size 10.95pt on input line 150.

Package fontspec Info: 
(fontspec)             Arial scale = 0.9999973127381585.


Package fontspec Info: 
(fontspec)             Arial scale = 0.9999973127381585.


Package fontspec Info: 
(fontspec)             Arial/B scale = 0.9999973127381585.


Package fontspec Info: 
(fontspec)             Arial/I scale = 0.9999973127381585.


Package fontspec Info: 
(fontspec)             Arial/BI scale = 0.9999973127381585.


Package fontspec Info: 
(fontspec)             Font family 'Arial(1)' created for font 'Arial' with
(fontspec)             options [Scale=MatchLowercase].
(fontspec)              
(fontspec)              This font family consists of the following NFSS
(fontspec)             series/shapes:
(fontspec)              
(fontspec)             - 'normal' (m/n) with NFSS spec.:
(fontspec)             <->s*[0.9999973127381585]"Arial/OT:script=latn;language=dflt;"
(fontspec)             - 'bold' (b/n) with NFSS spec.:
(fontspec)             <->s*[0.9999973127381585]"Arial/B/OT:script=latn;language=dflt;"
(fontspec)             - 'italic' (m/it) with NFSS spec.:
(fontspec)             <->s*[0.9999973127381585]"Arial/I/OT:script=latn;language=dflt;"
(fontspec)             - 'bold italic' (b/it) with NFSS spec.:
(fontspec)             <->s*[0.9999973127381585]"Arial/BI/OT:script=latn;language=dflt;"

LaTeX Font Info:    Overwriting math alphabet `\mathrm' in version `normal'
(Font)                  OT1/lmr/m/n --> TU/Arial(1)/m/n on input line 150.
LaTeX Font Info:    Overwriting math alphabet `\mathit' in version `normal'
(Font)                  OT1/lmr/m/it --> TU/Arial(1)/m/it on input line 150.
LaTeX Font Info:    Overwriting math alphabet `\mathbf' in version `normal'
(Font)                  OT1/lmr/bx/n --> TU/Arial(1)/b/n on input line 150.

Package fontspec Info: 
(fontspec)             Arial scale = 0.9999973127381585.


Package fontspec Info: 
(fontspec)             Arial scale = 0.9999973127381585.


Package fontspec Info: 
(fontspec)             Arial/B scale = 0.9999973127381585.


Package fontspec Info: 
(fontspec)             Arial/I scale = 0.9999973127381585.


Package fontspec Info: 
(fontspec)             Arial/BI scale = 0.9999973127381585.


Package fontspec Info: 
(fontspec)             Font family 'Arial(2)' created for font 'Arial' with
(fontspec)             options [Scale=MatchLowercase,Ligatures=TeX].
(fontspec)              
(fontspec)              This font family consists of the following NFSS
(fontspec)             series/shapes:
(fontspec)              
(fontspec)             - 'normal' (m/n) with NFSS spec.:
(fontspec)             <->s*[0.9999973127381585]"Arial/OT:script=latn;language=dflt;mapping=tex-text;"
(fontspec)             - 'bold' (b/n) with NFSS spec.:
(fontspec)             <->s*[0.9999973127381585]"Arial/B/OT:script=latn;language=dflt;mapping=tex-text;"
(fontspec)             - 'italic' (m/it) with NFSS spec.:
(fontspec)             <->s*[0.9999973127381585]"Arial/I/OT:script=latn;language=dflt;mapping=tex-text;"
(fontspec)             - 'bold italic' (b/it) with NFSS spec.:
(fontspec)             <->s*[0.9999973127381585]"Arial/BI/OT:script=latn;language=dflt;mapping=tex-text;"


Package fontspec Info: 
(fontspec)             Arial scale = 0.9999973127381585.

LaTeX Font Info:    Overwriting math alphabet `\mathsf' in version `normal'
(Font)                  OT1/lmss/m/n --> TU/Arial(1)/m/n on input line 152.
LaTeX Font Info:    Overwriting math alphabet `\mathsf' in version `bold'
(Font)                  OT1/lmss/bx/n --> TU/Arial(1)/b/n on input line 152.
(/Users/jrenne/Library/TinyTeX/texmf-dist/tex/latex/fancyhdr/fancyhdr.sty
Package: fancyhdr 2025/02/07 v5.2 Extensive control of page headers and footers
\f@nch@headwidth=\skip135
\f@nch@offset@elh=\skip136
\f@nch@offset@erh=\skip137
\f@nch@offset@olh=\skip138
\f@nch@offset@orh=\skip139
\f@nch@offset@elf=\skip140
\f@nch@offset@erf=\skip141
\f@nch@offset@olf=\skip142
\f@nch@offset@orf=\skip143
\f@nch@height=\skip144
\f@nch@footalignment=\skip145
\f@nch@widthL=\skip146
\f@nch@widthC=\skip147
\f@nch@widthR=\skip148
\@temptokenb=\toks40
) (/Users/jrenne/Library/TinyTeX/texmf-dist/tex/latex/natbib/natbib.sty
Package: natbib 2010/09/13 8.31b (PWD, AO)
\bibhang=\skip149
\bibsep=\skip150
LaTeX Info: Redefining \cite on input line 694.
\c@NAT@ctr=\count342
) (/Users/jrenne/Library/TinyTeX/texmf-dist/tex/latex/bookmark/bookmark.sty
Package: bookmark 2023-12-10 v1.31 PDF bookmarks (HO)
(/Users/jrenne/Library/TinyTeX/texmf-dist/tex/latex/hyperref/hyperref.sty
Package: hyperref 2025-07-12 v7.01o Hypertext links for LaTeX
(/Users/jrenne/Library/TinyTeX/texmf-dist/tex/generic/pdfescape/pdfescape.sty
Package: pdfescape 2019/12/09 v1.15 Implements pdfTeX's escape features (HO)
) (/Users/jrenne/Library/TinyTeX/texmf-dist/tex/latex/hycolor/hycolor.sty
Package: hycolor 2020-01-27 v1.10 Color options for hyperref/bookmark (HO)
) (/Users/jrenne/Library/TinyTeX/texmf-dist/tex/latex/hyperref/nameref.sty
Package: nameref 2025-06-21 v2.57 Cross-referencing by name of section
(/Users/jrenne/Library/TinyTeX/texmf-dist/tex/latex/refcount/refcount.sty
Package: refcount 2019/12/15 v3.6 Data extraction from label references (HO)
) (/Users/jrenne/Library/TinyTeX/texmf-dist/tex/generic/gettitlestring/gettitlestring.sty
Package: gettitlestring 2019/12/15 v1.6 Cleanup title references (HO)
)
\c@section@level=\count343
) (/Users/jrenne/Library/TinyTeX/texmf-dist/tex/generic/stringenc/stringenc.sty
Package: stringenc 2019/11/29 v1.12 Convert strings between diff. encodings (HO)
)
\@linkdim=\dimen273
\Hy@linkcounter=\count344
\Hy@pagecounter=\count345
(/Users/jrenne/Library/TinyTeX/texmf-dist/tex/latex/hyperref/pd1enc.def
File: pd1enc.def 2025-07-12 v7.01o Hyperref: PDFDocEncoding definition (HO)
) (/Users/jrenne/Library/TinyTeX/texmf-dist/tex/generic/intcalc/intcalc.sty
Package: intcalc 2019/12/15 v1.3 Expandable calculations with integers (HO)
)
\Hy@SavedSpaceFactor=\count346
(/Users/jrenne/Library/TinyTeX/texmf-dist/tex/latex/hyperref/puenc.def
File: puenc.def 2025-07-12 v7.01o Hyperref: PDF Unicode definition (HO)
)
Package hyperref Info: Option `unicode' set `true' on input line 4066.
Package hyperref Info: Hyper figures OFF on input line 4195.
Package hyperref Info: Link nesting OFF on input line 4200.
Package hyperref Info: Hyper index ON on input line 4203.
Package hyperref Info: Plain pages OFF on input line 4210.
Package hyperref Info: Backreferencing OFF on input line 4215.
Package hyperref Info: Implicit mode ON; LaTeX internals redefined.
Package hyperref Info: Bookmarks ON on input line 4462.
\c@Hy@tempcnt=\count347
(/Users/jrenne/Library/TinyTeX/texmf-dist/tex/latex/url/url.sty
\Urlmuskip=\muskip19
Package: url 2013/09/16  ver 3.4  Verb mode for urls, etc.
)
LaTeX Info: Redefining \url on input line 4801.
\XeTeXLinkMargin=\dimen274
(/Users/jrenne/Library/TinyTeX/texmf-dist/tex/generic/bitset/bitset.sty
Package: bitset 2019/12/09 v1.3 Handle bit-vector datatype (HO)
(/Users/jrenne/Library/TinyTeX/texmf-dist/tex/generic/bigintcalc/bigintcalc.sty
Package: bigintcalc 2019/12/15 v1.5 Expandable calculations on big integers (HO)
))
\Fld@menulength=\count348
\Field@Width=\dimen275
\Fld@charsize=\dimen276
Package hyperref Info: Hyper figures OFF on input line 6078.
Package hyperref Info: Link nesting OFF on input line 6083.
Package hyperref Info: Hyper index ON on input line 6086.
Package hyperref Info: backreferencing OFF on input line 6093.
Package hyperref Info: Link coloring OFF on input line 6098.
Package hyperref Info: Link coloring with OCG OFF on input line 6103.
Package hyperref Info: PDF/A mode OFF on input line 6108.
\Hy@abspage=\count349
\c@Item=\count350
\c@Hfootnote=\count351
)
Package hyperref Info: Driver (autodetected): hxetex.
(/Users/jrenne/Library/TinyTeX/texmf-dist/tex/latex/hyperref/hxetex.def
File: hxetex.def 2025-07-12 v7.01o Hyperref driver for XeTeX
\pdfm@box=\box75
\c@Hy@AnnotLevel=\count352
\HyField@AnnotCount=\count353
\Fld@listcount=\count354
\c@bookmark@seq@number=\count355
(/Users/jrenne/Library/TinyTeX/texmf-dist/tex/latex/rerunfilecheck/rerunfilecheck.sty
Package: rerunfilecheck 2025-06-21 v1.11 Rerun checks for auxiliary files (HO)
(/Users/jrenne/Library/TinyTeX/texmf-dist/tex/generic/uniquecounter/uniquecounter.sty
Package: uniquecounter 2019/12/15 v1.4 Provide unlimited unique counter (HO)
)
Package uniquecounter Info: New unique counter `rerunfilecheck' on input line 284.
)
\Hy@SectionHShift=\skip151
) (/Users/jrenne/Library/TinyTeX/texmf-dist/tex/latex/bookmark/bkm-dvipdfm.def
File: bkm-dvipdfm.def 2023-12-10 v1.31 bookmark driver for dvipdfm (HO)
\BKM@id=\count356
))
\c@theorem=\count357
\c@lemma=\count358
\c@corollary=\count359
\c@proposition=\count360
\c@conjecture=\count361
\c@definition=\count362
\c@example=\count363
\c@exercise=\count364
\c@hypothesis=\count365
(./EcoStat.aux)
\openout1 = `EcoStat.aux'.

LaTeX Font Info:    Checking defaults for OML/cmm/m/it on input line 227.
LaTeX Font Info:    ... okay on input line 227.
LaTeX Font Info:    Checking defaults for OMS/cmsy/m/n on input line 227.
LaTeX Font Info:    ... okay on input line 227.
LaTeX Font Info:    Checking defaults for OT1/cmr/m/n on input line 227.
LaTeX Font Info:    ... okay on input line 227.
LaTeX Font Info:    Checking defaults for T1/cmr/m/n on input line 227.
LaTeX Font Info:    ... okay on input line 227.
LaTeX Font Info:    Checking defaults for TS1/cmr/m/n on input line 227.
LaTeX Font Info:    ... okay on input line 227.
LaTeX Font Info:    Checking defaults for TU/lmr/m/n on input line 227.
LaTeX Font Info:    ... okay on input line 227.
LaTeX Font Info:    Checking defaults for OMX/cmex/m/n on input line 227.
LaTeX Font Info:    ... okay on input line 227.
LaTeX Font Info:    Checking defaults for U/cmr/m/n on input line 227.
LaTeX Font Info:    ... okay on input line 227.
LaTeX Font Info:    Checking defaults for PD1/pdf/m/n on input line 227.
LaTeX Font Info:    ... okay on input line 227.
LaTeX Font Info:    Checking defaults for PU/pdf/m/n on input line 227.
LaTeX Font Info:    ... okay on input line 227.
LaTeX Font Info:    Overwriting math alphabet `\mathtt' in version `normal'
(Font)                  OT1/lmtt/m/n --> TU/lmtt/m/n on input line 227.
LaTeX Font Info:    Overwriting math alphabet `\mathtt' in version `bold'
(Font)                  OT1/lmtt/m/n --> TU/lmtt/b/n on input line 227.

Package fontspec Info: 
(fontspec)             latinmodern-math scale = 1.203139397662426.


Package fontspec Info: 
(fontspec)             latinmodern-math scale = 1.203139397662426.


Package fontspec Info: 
(fontspec)             latinmodern-math scale = 1.203139397662426.


Package fontspec Info: 
(fontspec)             Font family 'latinmodern-math.otf(0)' created for font
(fontspec)             'latinmodern-math.otf' with options
(fontspec)             [Scale=MatchLowercase,BoldItalicFont={},ItalicFont={},SmallCapsFont={},Script=Math,BoldFont={latinmodern-math.otf}].
(fontspec)              
(fontspec)              This font family consists of the following NFSS
(fontspec)             series/shapes:
(fontspec)              
(fontspec)             - 'normal' (m/n) with NFSS spec.:
(fontspec)             <->s*[1.203139397662426]"[latinmodern-math.otf]/OT:script=math;language=dflt;"
(fontspec)             - 'bold' (b/n) with NFSS spec.:
(fontspec)             <->s*[1.203139397662426]"[latinmodern-math.otf]/OT:script=math;language=dflt;"

LaTeX Font Info:    Font shape `TU/latinmodern-math.otf(0)/m/n' will be
(Font)              scaled to size 13.17438pt on input line 227.

Package fontspec Info: 
(fontspec)             latinmodern-math scale = 1.203139397662426.


Package fontspec Info: 
(fontspec)             latinmodern-math scale = 1.203139397662426.


Package fontspec Info: 
(fontspec)             latinmodern-math scale = 1.203139397662426.


Package fontspec Info: 
(fontspec)             latinmodern-math scale = 1.203139397662426.


Package fontspec Info: 
(fontspec)             latinmodern-math scale = 1.203139397662426.


Package fontspec Info: 
(fontspec)             Font family 'latinmodern-math.otf(1)' created for font
(fontspec)             'latinmodern-math.otf' with options
(fontspec)             [Scale=MatchLowercase,BoldItalicFont={},ItalicFont={},SmallCapsFont={},Script=Math,SizeFeatures={{Size=9.3075-},{Size=6.57-9.3075,Font=latinmodern-math.otf,Style=MathScript},{Size=-6.57,Font=latinmodern-math.otf,Style=MathScriptScript}},BoldFont={latinmodern-math.otf}].
(fontspec)              
(fontspec)              This font family consists of the following NFSS
(fontspec)             series/shapes:
(fontspec)              
(fontspec)             - 'normal' (m/n) with NFSS spec.:
(fontspec)             <9.3075->s*[1.203139397662426]"[latinmodern-math.otf]/OT:script=math;language=dflt;"<6.57-9.3075>s*[1.203139397662426]"[latinmodern-math.otf]/OT:script=math;language=dflt;+ssty=0;"<-6.57>s*[1.203139397662426]"[latinmodern-math.otf]/OT:script=math;language=dflt;+ssty=1;"
(fontspec)             - 'bold' (b/n) with NFSS spec.:
(fontspec)             <->s*[1.203139397662426]"[latinmodern-math.otf]/OT:script=math;language=dflt;"

LaTeX Font Info:    Font shape `TU/latinmodern-math.otf(1)/m/n' will be
(Font)              scaled to size 13.17438pt on input line 227.
LaTeX Font Info:    Encoding `OT1' has changed to `TU' for symbol font
(Font)              `operators' in the math version `normal' on input line 227.
LaTeX Font Info:    Overwriting symbol font `operators' in version `normal'
(Font)                  OT1/lmr/m/n --> TU/latinmodern-math.otf(1)/m/n on input line 227.
LaTeX Font Info:    Encoding `OT1' has changed to `TU' for symbol font
(Font)              `operators' in the math version `bold' on input line 227.
LaTeX Font Info:    Overwriting symbol font `operators' in version `bold'
(Font)                  OT1/lmr/bx/n --> TU/latinmodern-math.otf(1)/b/n on input line 227.

Package fontspec Info: 
(fontspec)             latinmodern-math scale = 1.203139397662426.


Package fontspec Info: 
(fontspec)             latinmodern-math scale = 1.203259711602192.


Package fontspec Info: 
(fontspec)             latinmodern-math scale = 1.203139397662426.


Package fontspec Info: 
(fontspec)             latinmodern-math scale = 1.203259711602192.


Package fontspec Info: 
(fontspec)             latinmodern-math scale = 1.203139397662426.


Package fontspec Info: 
(fontspec)             latinmodern-math scale = 1.203259711602192.


Package fontspec Info: 
(fontspec)             latinmodern-math scale = 1.203139397662426.


Package fontspec Info: 
(fontspec)             latinmodern-math scale = 1.203259711602192.


Package fontspec Info: 
(fontspec)             latinmodern-math scale = 1.203139397662426.


Package fontspec Info: 
(fontspec)             latinmodern-math scale = 1.203259711602192.


Package fontspec Info: 
(fontspec)             Font family 'latinmodern-math.otf(2)' created for font
(fontspec)             'latinmodern-math.otf' with options
(fontspec)             [Scale=MatchLowercase,BoldItalicFont={},ItalicFont={},SmallCapsFont={},Script=Math,SizeFeatures={{Size=9.3075-},{Size=6.57-9.3075,Font=latinmodern-math.otf,Style=MathScript},{Size=-6.57,Font=latinmodern-math.otf,Style=MathScriptScript}},BoldFont={latinmodern-math.otf},ScaleAgain=1.0001,FontAdjustment={\fontdimen
(fontspec)             8\font =8.91905pt\relax \fontdimen 9\font
(fontspec)             =5.1907pt\relax \fontdimen 10\font =5.84943pt\relax
(fontspec)             \fontdimen 11\font =9.03763pt\relax \fontdimen 12\font
(fontspec)             =4.54517pt\relax \fontdimen 13\font =4.7823pt\relax
(fontspec)             \fontdimen 14\font =4.7823pt\relax \fontdimen 15\font
(fontspec)             =3.80739pt\relax \fontdimen 16\font =3.25407pt\relax
(fontspec)             \fontdimen 17\font =3.25407pt\relax \fontdimen 18\font
(fontspec)             =3.2936pt\relax \fontdimen 19\font =2.63487pt\relax
(fontspec)             \fontdimen 22\font =3.2936pt\relax \fontdimen 20\font
(fontspec)             =0pt\relax \fontdimen 21\font =0pt\relax }].
(fontspec)              
(fontspec)              This font family consists of the following NFSS
(fontspec)             series/shapes:
(fontspec)              
(fontspec)             - 'normal' (m/n) with NFSS spec.:
(fontspec)             <9.3075->s*[1.203259711602192]"[latinmodern-math.otf]/OT:script=math;language=dflt;"<6.57-9.3075>s*[1.203259711602192]"[latinmodern-math.otf]/OT:script=math;language=dflt;+ssty=0;"<-6.57>s*[1.203259711602192]"[latinmodern-math.otf]/OT:script=math;language=dflt;+ssty=1;"
(fontspec)             - 'bold' (b/n) with NFSS spec.:
(fontspec)             <->s*[1.203259711602192]"[latinmodern-math.otf]/OT:script=math;language=dflt;"

LaTeX Font Info:    Encoding `OMS' has changed to `TU' for symbol font
(Font)              `symbols' in the math version `normal' on input line 227.
LaTeX Font Info:    Overwriting symbol font `symbols' in version `normal'
(Font)                  OMS/lmsy/m/n --> TU/latinmodern-math.otf(2)/m/n on input line 227.
LaTeX Font Info:    Encoding `OMS' has changed to `TU' for symbol font
(Font)              `symbols' in the math version `bold' on input line 227.
LaTeX Font Info:    Overwriting symbol font `symbols' in version `bold'
(Font)                  OMS/lmsy/b/n --> TU/latinmodern-math.otf(2)/b/n on input line 227.

Package fontspec Info: 
(fontspec)             latinmodern-math scale = 1.203139397662426.


Package fontspec Info: 
(fontspec)             latinmodern-math scale = 1.20301908372266.


Package fontspec Info: 
(fontspec)             latinmodern-math scale = 1.203139397662426.


Package fontspec Info: 
(fontspec)             latinmodern-math scale = 1.20301908372266.


Package fontspec Info: 
(fontspec)             latinmodern-math scale = 1.203139397662426.


Package fontspec Info: 
(fontspec)             latinmodern-math scale = 1.20301908372266.


Package fontspec Info: 
(fontspec)             latinmodern-math scale = 1.203139397662426.


Package fontspec Info: 
(fontspec)             latinmodern-math scale = 1.20301908372266.


Package fontspec Info: 
(fontspec)             latinmodern-math scale = 1.203139397662426.


Package fontspec Info: 
(fontspec)             latinmodern-math scale = 1.20301908372266.


Package fontspec Info: 
(fontspec)             Font family 'latinmodern-math.otf(3)' created for font
(fontspec)             'latinmodern-math.otf' with options
(fontspec)             [Scale=MatchLowercase,BoldItalicFont={},ItalicFont={},SmallCapsFont={},Script=Math,SizeFeatures={{Size=9.3075-},{Size=6.57-9.3075,Font=latinmodern-math.otf,Style=MathScript},{Size=-6.57,Font=latinmodern-math.otf,Style=MathScriptScript}},BoldFont={latinmodern-math.otf},ScaleAgain=0.9999,FontAdjustment={\fontdimen
(fontspec)             8\font =0.52698pt\relax \fontdimen 9\font
(fontspec)             =2.63487pt\relax \fontdimen 10\font =2.20012pt\relax
(fontspec)             \fontdimen 11\font =1.46236pt\relax \fontdimen 12\font
(fontspec)             =7.90463pt\relax \fontdimen 13\font =0pt\relax }].
(fontspec)              
(fontspec)              This font family consists of the following NFSS
(fontspec)             series/shapes:
(fontspec)              
(fontspec)             - 'normal' (m/n) with NFSS spec.:
(fontspec)             <9.3075->s*[1.20301908372266]"[latinmodern-math.otf]/OT:script=math;language=dflt;"<6.57-9.3075>s*[1.20301908372266]"[latinmodern-math.otf]/OT:script=math;language=dflt;+ssty=0;"<-6.57>s*[1.20301908372266]"[latinmodern-math.otf]/OT:script=math;language=dflt;+ssty=1;"
(fontspec)             - 'bold' (b/n) with NFSS spec.:
(fontspec)             <->s*[1.20301908372266]"[latinmodern-math.otf]/OT:script=math;language=dflt;"

LaTeX Font Info:    Encoding `OMX' has changed to `TU' for symbol font
(Font)              `largesymbols' in the math version `normal' on input line 227.
LaTeX Font Info:    Overwriting symbol font `largesymbols' in version `normal'
(Font)                  OMX/lmex/m/n --> TU/latinmodern-math.otf(3)/m/n on input line 227.
LaTeX Font Info:    Encoding `OMX' has changed to `TU' for symbol font
(Font)              `largesymbols' in the math version `bold' on input line 227.
LaTeX Font Info:    Overwriting symbol font `largesymbols' in version `bold'
(Font)                  OMX/lmex/m/n --> TU/latinmodern-math.otf(3)/b/n on input line 227.
Package microtype Info: Patching varwidth to enable character protrusion.
\MT@vwid@leftmargin=\dimen277
\MT@vwid@rightmargin=\dimen278
LaTeX Info: Redefining \microtypecontext on input line 227.
Package microtype Info: Applying patch `item' on input line 227.
Package microtype Info: Applying patch `toc' on input line 227.
Package microtype Info: Applying patch `eqnum' on input line 227.
Package microtype Info: Applying patch `footnote' on input line 227.
Package microtype Info: Applying patch `verbatim' on input line 227.
LaTeX Info: Redefining \microtypesetup on input line 227.
Package microtype Info: Character protrusion enabled (level 2).
Package microtype Info: Using protrusion set `basicmath'.
Package microtype Info: No adjustment of tracking.
Package microtype Info: No adjustment of spacing.
Package microtype Info: No adjustment of kerning.
Package microtype Info: Loading generic protrusion settings for font family
(microtype)             `Arial' (encoding: TU).
(microtype)             For optimal results, create family-specific settings.
(microtype)             See the microtype manual for details.
*geometry* driver: auto-detecting
*geometry* detected driver: xetex
*geometry* verbose mode - [ preamble ] result:
* driver: xetex
* paper: a4paper
* layout: <same size as paper>
* layoutoffset:(h,v)=(0.0pt,0.0pt)
* modes: twoside 
* h-part:(L,W,R)=(71.13188pt, 455.24411pt, 71.13188pt)
* v-part:(T,H,B)=(71.13188pt, 702.78308pt, 71.13188pt)
* \paperwidth=597.50787pt
* \paperheight=845.04684pt
* \textwidth=455.24411pt
* \textheight=702.78308pt
* \oddsidemargin=-1.1381pt
* \evensidemargin=-1.1381pt
* \topmargin=-37.9003pt
* \headheight=14.0pt
* \headsep=22.76219pt
* \topskip=11.0pt
* \footskip=27.46295pt
* \marginparwidth=116.0pt
* \marginparsep=7.0pt
* \columnsep=10.0pt
* \skip\footins=10.0pt plus 4.0pt minus 2.0pt
* \hoffset=0.0pt
* \voffset=0.0pt
* \mag=1000
* \@twocolumnfalse
* \@twosidetrue
* \@mparswitchtrue
* \@reversemarginfalse
* (1in=72.27pt=25.4mm, 1cm=28.453pt)

Package caption Info: Begin \AtBeginDocument code.
Package caption Info: float package is loaded.
Package caption Info: hyperref package is loaded.
Package caption Info: End \AtBeginDocument code.
Package hyperref Info: Link coloring OFF on input line 227.
LaTeX Font Info:    Font shape `TU/Arial(0)/m/n' will be
(Font)              scaled to size 17.28pt on input line 229.
LaTeX Font Info:    Font shape `TU/Arial(0)/m/n' will be
(Font)              scaled to size 12.0pt on input line 229.
LaTeX Font Info:    Font shape `TU/latinmodern-math.otf(1)/m/n' will be
(Font)              scaled to size 14.43768pt on input line 229.
LaTeX Font Info:    Font shape `TU/latinmodern-math.otf(1)/m/n' will be
(Font)              scaled to size 9.62512pt on input line 229.
LaTeX Font Info:    Font shape `TU/latinmodern-math.otf(1)/m/n' will be
(Font)              scaled to size 7.21884pt on input line 229.
LaTeX Font Info:    Trying to load font information for OML+lmm on input line 229.
(/Users/jrenne/Library/TinyTeX/texmf-dist/tex/latex/lm/omllmm.fd
File: omllmm.fd 2015/05/01 v1.6.1 Font defs for Latin Modern
)
LaTeX Font Info:    Font shape `TU/latinmodern-math.otf(2)/m/n' will be
(Font)              scaled to size 14.43915pt on input line 229.
LaTeX Font Info:    Font shape `TU/latinmodern-math.otf(2)/m/n' will be
(Font)              scaled to size 9.6261pt on input line 229.
LaTeX Font Info:    Font shape `TU/latinmodern-math.otf(2)/m/n' will be
(Font)              scaled to size 7.21957pt on input line 229.
LaTeX Font Info:    Font shape `TU/latinmodern-math.otf(3)/m/n' will be
(Font)              scaled to size 14.43622pt on input line 229.
LaTeX Font Info:    Font shape `TU/latinmodern-math.otf(3)/m/n' will be
(Font)              scaled to size 9.62415pt on input line 229.
LaTeX Font Info:    Font shape `TU/latinmodern-math.otf(3)/m/n' will be
(Font)              scaled to size 7.21811pt on input line 229.
LaTeX Font Info:    Trying to load font information for U+msa on input line 229.
(/Users/jrenne/Library/TinyTeX/texmf-dist/tex/latex/amsfonts/umsa.fd
File: umsa.fd 2013/01/14 v3.01 AMS symbols A
) (/Users/jrenne/Library/TinyTeX/texmf-dist/tex/latex/microtype/mt-msa.cfg
File: mt-msa.cfg 2006/02/04 v1.1 microtype config. file: AMS symbols (a) (RS)
)
LaTeX Font Info:    Trying to load font information for U+msb on input line 229.
(/Users/jrenne/Library/TinyTeX/texmf-dist/tex/latex/amsfonts/umsb.fd
File: umsb.fd 2013/01/14 v3.01 AMS symbols B
) (/Users/jrenne/Library/TinyTeX/texmf-dist/tex/latex/microtype/mt-msb.cfg
File: mt-msb.cfg 2005/06/01 v1.0 microtype config. file: AMS symbols (b) (RS)
) [1


]
LaTeX Font Info:    Font shape `TU/Arial(0)/m/n' will be
(Font)              scaled to size 10.0pt on input line 232.
[2

]
LaTeX Font Info:    Font shape `TU/Arial(0)/m/n' will be
(Font)              scaled to size 27.0pt on input line 232.
LaTeX Font Info:    Font shape `TU/Arial(0)/b/n' will be
(Font)              scaled to size 27.0pt on input line 232.
(./EcoStat.toc
LaTeX Font Info:    Font shape `TU/Arial(0)/b/n' will be
(Font)              scaled to size 10.95pt on input line 1.
LaTeX Font Info:    Font shape `TU/latinmodern-math.otf(1)/m/n' will be
(Font)              scaled to size 9.22206pt on input line 2.
LaTeX Font Info:    Font shape `TU/latinmodern-math.otf(1)/m/n' will be
(Font)              scaled to size 6.58719pt on input line 2.
LaTeX Font Info:    Font shape `TU/latinmodern-math.otf(2)/m/n' will be
(Font)              scaled to size 13.1757pt on input line 2.
LaTeX Font Info:    Font shape `TU/latinmodern-math.otf(2)/m/n' will be
(Font)              scaled to size 9.22299pt on input line 2.
LaTeX Font Info:    Font shape `TU/latinmodern-math.otf(2)/m/n' will be
(Font)              scaled to size 6.58786pt on input line 2.
LaTeX Font Info:    Font shape `TU/latinmodern-math.otf(3)/m/n' will be
(Font)              scaled to size 13.17303pt on input line 2.
LaTeX Font Info:    Font shape `TU/latinmodern-math.otf(3)/m/n' will be
(Font)              scaled to size 9.22112pt on input line 2.
LaTeX Font Info:    Font shape `TU/latinmodern-math.otf(3)/m/n' will be
(Font)              scaled to size 6.58652pt on input line 2.

Overfull \hbox (1.29709pt too wide) detected at line 49
 []\TU/Arial(0)/m/n/10.95 102
 []


Overfull \hbox (1.29709pt too wide) detected at line 50
 []\TU/Arial(0)/m/n/10.95 108
 []


Overfull \hbox (0.48439pt too wide) detected at line 56
 []\TU/Arial(0)/m/n/10.95 113
 []


Overfull \hbox (0.48439pt too wide) detected at line 61
 []\TU/Arial(0)/m/n/10.95 118
 []


Overfull \hbox (1.29709pt too wide) detected at line 67
 []\TU/Arial(0)/m/n/10.95 130
 []

[3]
Overfull \hbox (1.29709pt too wide) detected at line 72
 []\TU/Arial(0)/m/n/10.95 138
 []


Overfull \hbox (1.29709pt too wide) detected at line 73
 []\TU/Arial(0)/m/n/10.95 140
 []


Overfull \hbox (1.29709pt too wide) detected at line 74
 []\TU/Arial(0)/m/n/10.95 141
 []


Overfull \hbox (1.29709pt too wide) detected at line 75
 []\TU/Arial(0)/m/n/10.95 143
 []


Overfull \hbox (1.29709pt too wide) detected at line 76
 []\TU/Arial(0)/m/n/10.95 143
 []


Overfull \hbox (1.29709pt too wide) detected at line 77
 []\TU/Arial(0)/m/n/10.95 147
 []


Overfull \hbox (1.29709pt too wide) detected at line 79
 []\TU/Arial(0)/m/n/10.95 149
 []


Overfull \hbox (1.29709pt too wide) detected at line 80
 []\TU/Arial(0)/m/n/10.95 155
 []


Overfull \hbox (1.29709pt too wide) detected at line 84
 []\TU/Arial(0)/m/n/10.95 162
 []


Overfull \hbox (1.29709pt too wide) detected at line 86
 []\TU/Arial(0)/m/n/10.95 169
 []


Overfull \hbox (1.29709pt too wide) detected at line 87
 []\TU/Arial(0)/m/n/10.95 171
 []


Overfull \hbox (1.29709pt too wide) detected at line 88
 []\TU/Arial(0)/m/n/10.95 174
 []


Overfull \hbox (1.29709pt too wide) detected at line 93
 []\TU/Arial(0)/m/n/10.95 182
 []


Overfull \hbox (1.29709pt too wide) detected at line 94
 []\TU/Arial(0)/m/n/10.95 183
 []


Overfull \hbox (1.29709pt too wide) detected at line 95
 []\TU/Arial(0)/m/n/10.95 192
 []

)
\tf@toc=\write4
\openout4 = `EcoStat.toc'.

[4]
LaTeX Font Info:    Font shape `TU/lmtt/bx/n' in size <10.95> not available
(Font)              Font shape `TU/lmtt/b/n' tried instead on input line 244.
[5

] [6

]
Chapter 1.
LaTeX Font Info:    Font shape `TU/Arial(0)/b/n' will be
(Font)              scaled to size 10.0pt on input line 277.
LaTeX Font Info:    Font shape `TU/Arial(0)/m/n' will be
(Font)              scaled to size 14.4pt on input line 301.
LaTeX Font Info:    Font shape `TU/Arial(0)/b/n' will be
(Font)              scaled to size 14.4pt on input line 301.
[7]
Package mdframed Info: mdframed works in twoside mode on input line 326.
Package mdframed Info: mdframed detected package amsthm 
 changed the theorem header of amsthm
(mdframed)              on input line 326.
Package mdframed Info: mdframed works in twoside mode on input line 335.
Package mdframed Info: mdframed detected package amsthm 
 changed the theorem header of amsthm
(mdframed)              on input line 335.
Package mdframed Info: mdframed works in twoside mode on input line 343.
Package mdframed Info: mdframed detected package amsthm 
 changed the theorem header of amsthm
(mdframed)              on input line 343.
[8]
LaTeX Font Info:    Font shape `TU/Arial(0)/b/n' will be
(Font)              scaled to size 12.0pt on input line 381.
[9]
Package mdframed Info: mdframed works in twoside mode on input line 409.
Package mdframed Info: mdframed detected package amsthm 
 changed the theorem header of amsthm
(mdframed)              on input line 409.
Package mdframed Info: mdframed works in twoside mode on input line 419.
Package mdframed Info: mdframed detected package amsthm 
 changed the theorem header of amsthm
(mdframed)              on input line 419.
Package mdframed Info: mdframed works in twoside mode on input line 426.
Package mdframed Info: mdframed detected package amsthm 
 changed the theorem header of amsthm
(mdframed)              on input line 426.
LaTeX Font Info:    Font shape `TU/Arial(1)/m/n' will be
(Font)              scaled to size 10.95pt on input line 436.
LaTeX Font Info:    Font shape `TU/Arial(1)/m/n' will be
(Font)              scaled to size 7.665pt on input line 436.
LaTeX Font Info:    Font shape `TU/Arial(1)/m/n' will be
(Font)              scaled to size 5.475pt on input line 436.
[10]
Package mdframed Info: mdframed works in twoside mode on input line 454.
Package mdframed Info: mdframed detected package amsthm 
 changed the theorem header of amsthm
(mdframed)              on input line 454.
File: EcoStat_files/figure-latex/essai3d2-1.pdf Graphic file (type pdf)
<use EcoStat_files/figure-latex/essai3d2-1.pdf>
LaTeX Font Info:    Font shape `TU/Arial(2)/m/n' will be
(Font)              scaled to size 10.0pt on input line 465.
LaTeX Font Info:    Font shape `TU/Arial(2)/b/n' will be
(Font)              scaled to size 10.0pt on input line 465.
LaTeX Font Info:    Font shape `TU/latinmodern-math.otf(1)/m/n' will be
(Font)              scaled to size 12.0314pt on input line 465.
LaTeX Font Info:    Font shape `TU/latinmodern-math.otf(1)/m/n' will be
(Font)              scaled to size 8.42198pt on input line 465.
LaTeX Font Info:    Font shape `TU/latinmodern-math.otf(1)/m/n' will be
(Font)              scaled to size 6.0157pt on input line 465.
LaTeX Font Info:    Font shape `TU/Arial(1)/m/n' will be
(Font)              scaled to size 10.0pt on input line 465.
LaTeX Font Info:    Font shape `TU/Arial(1)/m/n' will be
(Font)              scaled to size 7.0pt on input line 465.
LaTeX Font Info:    Font shape `TU/Arial(1)/m/n' will be
(Font)              scaled to size 5.0pt on input line 465.
LaTeX Font Info:    Font shape `TU/latinmodern-math.otf(2)/m/n' will be
(Font)              scaled to size 12.03262pt on input line 465.
LaTeX Font Info:    Font shape `TU/latinmodern-math.otf(2)/m/n' will be
(Font)              scaled to size 8.42284pt on input line 465.
LaTeX Font Info:    Font shape `TU/latinmodern-math.otf(2)/m/n' will be
(Font)              scaled to size 6.01631pt on input line 465.
LaTeX Font Info:    Font shape `TU/latinmodern-math.otf(3)/m/n' will be
(Font)              scaled to size 12.03018pt on input line 465.
LaTeX Font Info:    Font shape `TU/latinmodern-math.otf(3)/m/n' will be
(Font)              scaled to size 8.42113pt on input line 465.
LaTeX Font Info:    Font shape `TU/latinmodern-math.otf(3)/m/n' will be
(Font)              scaled to size 6.01509pt on input line 465.

Underfull \hbox (badness 1062) in paragraph at lines 465--465
[]\TU/Arial(2)/b/n/10 Figure 1.1: |\TU/Arial(2)/m/n/10 The volume between the horizontal plane ($[] [] []$) and the surface is equal to
 []

Package mdframed Info: mdframed works in twoside mode on input line 468.
Package mdframed Info: mdframed detected package amsthm 
 changed the theorem header of amsthm
(mdframed)              on input line 468.
[11]
File: EcoStat_files/figure-latex/essai3d-1.pdf Graphic file (type pdf)
<use EcoStat_files/figure-latex/essai3d-1.pdf>
[12]
File: images/tikzplot.png Graphic file (type bmp)
<images/tikzplot.png>
Package mdframed Info: mdframed works in twoside mode on input line 521.
Package mdframed Info: mdframed detected package amsthm 
 changed the theorem header of amsthm
(mdframed)              on input line 521.
[13]
Package mdframed Info: mdframed works in twoside mode on input line 530.
Package mdframed Info: mdframed detected package amsthm 
 changed the theorem header of amsthm
(mdframed)              on input line 530.
LaTeX Font Info:    Font shape `TU/Arial(0)/m/it' will be
(Font)              scaled to size 10.95pt on input line 530.
Package mdframed Info: mdframed works in twoside mode on input line 550.
Package mdframed Info: mdframed detected package amsthm 
 changed the theorem header of amsthm
(mdframed)              on input line 550.

Underfull \hbox (badness 1852) in paragraph at lines 571--572
[]\TU/Arial(0)/m/n/10.95 If $[]$ and $[]$ are independent, then $[][][][][][][][][][][] [] [][][][][][][][][][][][][][]$ and
 []

[14]
Package mdframed Info: mdframed works in twoside mode on input line 603.
Package mdframed Info: mdframed detected package amsthm 
 changed the theorem header of amsthm
(mdframed)              on input line 603.
Package mdframed Info: mdframed works in twoside mode on input line 611.
Package mdframed Info: mdframed detected package amsthm 
 changed the theorem header of amsthm
(mdframed)              on input line 611.
[15]
Package mdframed Info: mdframed works in twoside mode on input line 644.
Package mdframed Info: mdframed detected package amsthm 
 changed the theorem header of amsthm
(mdframed)              on input line 644.
File: EcoStat_files/figure-latex/mixtureG-1.pdf Graphic file (type pdf)
<use EcoStat_files/figure-latex/mixtureG-1.pdf>
Package mdframed Info: Not enough space on this page on input line 667.
[16]
Package mdframed Info: mdframed works in twoside mode on input line 669.
Package mdframed Info: mdframed detected package amsthm 
 changed the theorem header of amsthm
(mdframed)              on input line 669.
File: EcoStat_files/figure-latex/Buffon-1.pdf Graphic file (type pdf)
<use EcoStat_files/figure-latex/Buffon-1.pdf>
Package mdframed Info: Not enough space on this page on input line 696.
Package mdframed Info: mdframed works in twoside mode on input line 699.
Package mdframed Info: mdframed detected package amsthm 
 changed the theorem header of amsthm
(mdframed)              on input line 699.
[17]
Package mdframed Info: mdframed works in twoside mode on input line 707.
Package mdframed Info: mdframed detected package amsthm 
 changed the theorem header of amsthm
(mdframed)              on input line 707.
LaTeX Font Info:    Font shape `TU/Arial(0)/m/n' will be
(Font)              scaled to size 7.665pt on input line 731.
LaTeX Font Info:    Font shape `TU/Arial(0)/m/n' will be
(Font)              scaled to size 5.475pt on input line 731.
Package mdframed Info: mdframed works in twoside mode on input line 739.
Package mdframed Info: mdframed detected package amsthm 
 changed the theorem header of amsthm
(mdframed)              on input line 739.
Package mdframed Info: mdframed works in twoside mode on input line 748.
Package mdframed Info: mdframed detected package amsthm 
 changed the theorem header of amsthm
(mdframed)              on input line 748.
[18]
LaTeX Font Info:    Font shape `TU/Arial(0)/m/n' will be
(Font)              scaled to size 9.0pt on input line 784.
LaTeX Font Info:    Font shape `TU/latinmodern-math.otf(1)/m/n' will be
(Font)              scaled to size 10.82826pt on input line 784.
LaTeX Font Info:    Font shape `TU/Arial(1)/m/n' will be
(Font)              scaled to size 9.0pt on input line 784.
LaTeX Font Info:    Font shape `TU/Arial(1)/m/n' will be
(Font)              scaled to size 6.0pt on input line 784.
LaTeX Font Info:    Font shape `TU/latinmodern-math.otf(2)/m/n' will be
(Font)              scaled to size 10.82936pt on input line 784.
LaTeX Font Info:    Font shape `TU/latinmodern-math.otf(3)/m/n' will be
(Font)              scaled to size 10.82716pt on input line 784.
LaTeX Font Info:    Font shape `TU/Arial(0)/m/n' will be
(Font)              scaled to size 6.0pt on input line 784.
Package mdframed Info: mdframed works in twoside mode on input line 786.
Package mdframed Info: mdframed detected package amsthm 
 changed the theorem header of amsthm
(mdframed)              on input line 786.
File: EcoStat_files/figure-latex/figCauchy-1.pdf Graphic file (type pdf)
<use EcoStat_files/figure-latex/figCauchy-1.pdf>
[19]
Package mdframed Info: mdframed works in twoside mode on input line 824.
Package mdframed Info: mdframed detected package amsthm 
 changed the theorem header of amsthm
(mdframed)              on input line 824.
[20]
Package mdframed Info: mdframed works in twoside mode on input line 854.
Package mdframed Info: mdframed detected package amsthm 
 changed the theorem header of amsthm
(mdframed)              on input line 854.
Package mdframed Info: mdframed works in twoside mode on input line 879.
Package mdframed Info: mdframed detected package amsthm 
 changed the theorem header of amsthm
(mdframed)              on input line 879.
[21

]
Package mdframed Info: mdframed works in twoside mode on input line 904.
Package mdframed Info: mdframed detected package amsthm 
 changed the theorem header of amsthm
(mdframed)              on input line 904.
Package mdframed Info: Not enough space on this page on input line 939.
Package mdframed Info: mdframed works in twoside mode on input line 944.
Package mdframed Info: mdframed detected package amsthm 
 changed the theorem header of amsthm
(mdframed)              on input line 944.
[22]
Package mdframed Info: mdframed works in twoside mode on input line 971.
Package mdframed Info: mdframed detected package amsthm 
 changed the theorem header of amsthm
(mdframed)              on input line 971.
Package mdframed Info: Not enough space on this page on input line 993.
Package mdframed Info: mdframed works in twoside mode on input line 998.
Package mdframed Info: mdframed detected package amsthm 
 changed the theorem header of amsthm
(mdframed)              on input line 998.
[23]
Package mdframed Info: mdframed works in twoside mode on input line 1051.
Package mdframed Info: mdframed detected package amsthm 
 changed the theorem header of amsthm
(mdframed)              on input line 1051.
Package mdframed Info: Not enough space on this page on input line 1079.
[24]
Chapter 2.
Package mdframed Info: mdframed works in twoside mode on input line 1087.
Package mdframed Info: mdframed detected package amsthm 
 changed the theorem header of amsthm
(mdframed)              on input line 1087.
Package mdframed Info: mdframed works in twoside mode on input line 1097.
Package mdframed Info: mdframed detected package amsthm 
 changed the theorem header of amsthm
(mdframed)              on input line 1097.
[25

]
Package mdframed Info: mdframed works in twoside mode on input line 1105.
Package mdframed Info: mdframed detected package amsthm 
 changed the theorem header of amsthm
(mdframed)              on input line 1105.
File: EcoStat_files/figure-latex/incomeDistri-1.pdf Graphic file (type pdf)
<use EcoStat_files/figure-latex/incomeDistri-1.pdf>

Overfull \hbox (36.10976pt too wide) in paragraph at lines 1125--1126
[][]
 []


Underfull \hbox (badness 10000) in paragraph at lines 1125--1126

 []

Package mdframed Info: Not enough space on this page on input line 1153.
[26]
Package mdframed Info: mdframed works in twoside mode on input line 1172.
Package mdframed Info: mdframed detected package amsthm 
 changed the theorem header of amsthm
(mdframed)              on input line 1172.
[27]
Package mdframed Info: mdframed works in twoside mode on input line 1200.
Package mdframed Info: mdframed detected package amsthm 
 changed the theorem header of amsthm
(mdframed)              on input line 1200.
LaTeX Font Info:    Font shape `TU/Arial(1)/b/n' will be
(Font)              scaled to size 10.95pt on input line 1201.
LaTeX Font Info:    Font shape `TU/Arial(1)/b/n' will be
(Font)              scaled to size 7.665pt on input line 1201.
LaTeX Font Info:    Font shape `TU/Arial(1)/b/n' will be
(Font)              scaled to size 5.475pt on input line 1201.
LaTeX Font Info:    Font shape `TU/latinmodern-math.otf(1)/b/n' will be
(Font)              scaled to size 13.17438pt on input line 1201.
LaTeX Font Info:    Font shape `TU/latinmodern-math.otf(1)/b/n' will be
(Font)              scaled to size 9.22206pt on input line 1201.
LaTeX Font Info:    Font shape `TU/latinmodern-math.otf(1)/b/n' will be
(Font)              scaled to size 6.58719pt on input line 1201.
LaTeX Font Info:    Font shape `TU/latinmodern-math.otf(2)/b/n' will be
(Font)              scaled to size 13.1757pt on input line 1201.
LaTeX Font Info:    Font shape `TU/latinmodern-math.otf(2)/b/n' will be
(Font)              scaled to size 9.22299pt on input line 1201.
LaTeX Font Info:    Font shape `TU/latinmodern-math.otf(2)/b/n' will be
(Font)              scaled to size 6.58786pt on input line 1201.
LaTeX Font Info:    Font shape `TU/latinmodern-math.otf(3)/b/n' will be
(Font)              scaled to size 13.17303pt on input line 1201.
LaTeX Font Info:    Font shape `TU/latinmodern-math.otf(3)/b/n' will be
(Font)              scaled to size 9.22112pt on input line 1201.
LaTeX Font Info:    Font shape `TU/latinmodern-math.otf(3)/b/n' will be
(Font)              scaled to size 6.58652pt on input line 1201.
[28]
Package mdframed Info: mdframed works in twoside mode on input line 1230.
Package mdframed Info: mdframed detected package amsthm 
 changed the theorem header of amsthm
(mdframed)              on input line 1230.
File: EcoStat_files/figure-latex/RcompMeans-1.pdf Graphic file (type pdf)
<use EcoStat_files/figure-latex/RcompMeans-1.pdf>

Overfull \hbox (36.10976pt too wide) in paragraph at lines 1263--1264
[][]
 []


Underfull \hbox (badness 10000) in paragraph at lines 1263--1264

 []

Package mdframed Info: Not enough space on this page on input line 1284.
[29] [30]
Chapter 3.
LaTeX Font Info:    Font shape `TU/Arial(1)/b/n' will be
(Font)              scaled to size 9.0pt on input line 1296.
LaTeX Font Info:    Font shape `TU/Arial(1)/b/n' will be
(Font)              scaled to size 6.0pt on input line 1296.
LaTeX Font Info:    Font shape `TU/Arial(1)/b/n' will be
(Font)              scaled to size 5.0pt on input line 1296.
[31

]
Package mdframed Info: mdframed works in twoside mode on input line 1331.
Package mdframed Info: mdframed detected package amsthm 
 changed the theorem header of amsthm
(mdframed)              on input line 1331.
Package mdframed Info: Not enough space on this page on input line 1335.
Package mdframed Info: mdframed works in twoside mode on input line 1339.
Package mdframed Info: mdframed detected package amsthm 
 changed the theorem header of amsthm
(mdframed)              on input line 1339.
File: EcoStat_files/figure-latex/Illusttest1-1.pdf Graphic file (type pdf)
<use EcoStat_files/figure-latex/Illusttest1-1.pdf>

Overfull \hbox (14.50975pt too wide) in paragraph at lines 1374--1375
[][]
 []


Underfull \hbox (badness 10000) in paragraph at lines 1374--1375

 []

LaTeX Font Info:    Font shape `TU/Arial(1)/b/n' will be
(Font)              scaled to size 10.0pt on input line 1376.
LaTeX Font Info:    Font shape `TU/Arial(1)/b/n' will be
(Font)              scaled to size 7.0pt on input line 1376.
File: EcoStat_files/figure-latex/Illusttest2-1.pdf Graphic file (type pdf)
<use EcoStat_files/figure-latex/Illusttest2-1.pdf>

Overfull \hbox (14.50975pt too wide) in paragraph at lines 1381--1382
[][]
 []


Underfull \hbox (badness 10000) in paragraph at lines 1381--1382

 []

[32] [33] [34]
File: EcoStat_files/figure-latex/IllusTestOneSided1-1.pdf Graphic file (type pdf)
<use EcoStat_files/figure-latex/IllusTestOneSided1-1.pdf>

Overfull \hbox (14.50975pt too wide) in paragraph at lines 1390--1391
[][]
 []


Underfull \hbox (badness 10000) in paragraph at lines 1390--1391

 []

File: EcoStat_files/figure-latex/IllusTestOneSided2-1.pdf Graphic file (type pdf)
<use EcoStat_files/figure-latex/IllusTestOneSided2-1.pdf>

Overfull \hbox (14.50975pt too wide) in paragraph at lines 1397--1398
[][]
 []


Underfull \hbox (badness 10000) in paragraph at lines 1397--1398

 []

Package mdframed Info: mdframed works in twoside mode on input line 1402.
Package mdframed Info: mdframed detected package amsthm 
 changed the theorem header of amsthm
(mdframed)              on input line 1402.
File: EcoStat_files/figure-latex/FactoryR-1.pdf Graphic file (type pdf)
<use EcoStat_files/figure-latex/FactoryR-1.pdf>

Overfull \hbox (36.10976pt too wide) in paragraph at lines 1430--1431
[][]
 []


Underfull \hbox (badness 10000) in paragraph at lines 1430--1431

 []

Package mdframed Info: Box was splittet wrong
 starting loop to iterate the splitting point
(mdframed)              on input line 1436.
[35] [36] [37]
Package mdframed Info: mdframed works in twoside mode on input line 1442.
Package mdframed Info: mdframed detected package amsthm 
 changed the theorem header of amsthm
(mdframed)              on input line 1442.
Package mdframed Info: mdframed works in twoside mode on input line 1449.
Package mdframed Info: mdframed detected package amsthm 
 changed the theorem header of amsthm
(mdframed)              on input line 1449.
Package mdframed Info: mdframed works in twoside mode on input line 1466.
Package mdframed Info: mdframed detected package amsthm 
 changed the theorem header of amsthm
(mdframed)              on input line 1466.
[38]
Package mdframed Info: mdframed works in twoside mode on input line 1473.
Package mdframed Info: mdframed detected package amsthm 
 changed the theorem header of amsthm
(mdframed)              on input line 1473.
Package mdframed Info: Not enough space on this page on input line 1484.
Package mdframed Info: mdframed works in twoside mode on input line 1505.
Package mdframed Info: mdframed detected package amsthm 
 changed the theorem header of amsthm
(mdframed)              on input line 1505.
[39]
Package mdframed Info: mdframed works in twoside mode on input line 1529.
Package mdframed Info: mdframed detected package amsthm 
 changed the theorem header of amsthm
(mdframed)              on input line 1529.
Package mdframed Info: mdframed works in twoside mode on input line 1533.
Package mdframed Info: mdframed detected package amsthm 
 changed the theorem header of amsthm
(mdframed)              on input line 1533.
Package mdframed Info: mdframed works in twoside mode on input line 1541.
Package mdframed Info: mdframed detected package amsthm 
 changed the theorem header of amsthm
(mdframed)              on input line 1541.
[40]
Package mdframed Info: mdframed works in twoside mode on input line 1545.
Package mdframed Info: mdframed detected package amsthm 
 changed the theorem header of amsthm
(mdframed)              on input line 1545.
Package mdframed Info: mdframed works in twoside mode on input line 1554.
Package mdframed Info: mdframed detected package amsthm 
 changed the theorem header of amsthm
(mdframed)              on input line 1554.
Package mdframed Info: mdframed works in twoside mode on input line 1562.
Package mdframed Info: mdframed detected package amsthm 
 changed the theorem header of amsthm
(mdframed)              on input line 1562.
File: EcoStat_files/figure-latex/JBTest2-1.pdf Graphic file (type pdf)
<use EcoStat_files/figure-latex/JBTest2-1.pdf>

Overfull \hbox (36.10976pt too wide) in paragraph at lines 1607--1608
[][]
 []


Underfull \hbox (badness 10000) in paragraph at lines 1607--1608

 []

File: EcoStat_files/figure-latex/JBTest3-1.pdf Graphic file (type pdf)
<use EcoStat_files/figure-latex/JBTest3-1.pdf>

Overfull \hbox (36.10976pt too wide) in paragraph at lines 1616--1617
[][]
 []


Underfull \hbox (badness 10000) in paragraph at lines 1616--1617

 []

[41] [42] [43] [44

]
Chapter 4.
Package mdframed Info: mdframed works in twoside mode on input line 1625.
Package mdframed Info: mdframed detected package amsthm 
 changed the theorem header of amsthm
(mdframed)              on input line 1625.

Underfull \hbox (badness 2050) in paragraph at lines 1635--1636
[]\TU/Arial(0)/m/n/10.95 The researcher is usually interested in the components of vector $[]$, denoted by $[][]$,
 []

Package mdframed Info: mdframed works in twoside mode on input line 1643.
Package mdframed Info: mdframed detected package amsthm 
 changed the theorem header of amsthm
(mdframed)              on input line 1643.
[45]
Package mdframed Info: mdframed works in twoside mode on input line 1651.
Package mdframed Info: mdframed detected package amsthm 
 changed the theorem header of amsthm
(mdframed)              on input line 1651.
Package mdframed Info: Not enough space on this page on input line 1655.
Package mdframed Info: mdframed works in twoside mode on input line 1659.
Package mdframed Info: mdframed detected package amsthm 
 changed the theorem header of amsthm
(mdframed)              on input line 1659.
Package mdframed Info: mdframed works in twoside mode on input line 1695.
Package mdframed Info: mdframed detected package amsthm 
 changed the theorem header of amsthm
(mdframed)              on input line 1695.
File: EcoStat_files/figure-latex/heteroskedasticity-1.pdf Graphic file (type pdf)
<use EcoStat_files/figure-latex/heteroskedasticity-1.pdf>
[46]
File: EcoStat_files/figure-latex/exmpSalarayPhDSHP-1.pdf Graphic file (type pdf)
<use EcoStat_files/figure-latex/exmpSalarayPhDSHP-1.pdf>
Package mdframed Info: mdframed works in twoside mode on input line 1764.
Package mdframed Info: mdframed detected package amsthm 
 changed the theorem header of amsthm
(mdframed)              on input line 1764.
[47]
Package mdframed Info: mdframed works in twoside mode on input line 1772.
Package mdframed Info: mdframed detected package amsthm 
 changed the theorem header of amsthm
(mdframed)              on input line 1772.
Package mdframed Info: mdframed works in twoside mode on input line 1782.
Package mdframed Info: mdframed detected package amsthm 
 changed the theorem header of amsthm
(mdframed)              on input line 1782.
[48] [49]
Package mdframed Info: mdframed works in twoside mode on input line 1862.
Package mdframed Info: mdframed detected package amsthm 
 changed the theorem header of amsthm
(mdframed)              on input line 1862.
Package mdframed Info: Not enough space on this page on input line 1902.
Package mdframed Info: mdframed works in twoside mode on input line 1908.
Package mdframed Info: mdframed detected package amsthm 
 changed the theorem header of amsthm
(mdframed)              on input line 1908.
[50]
Package mdframed Info: mdframed works in twoside mode on input line 1948.
Package mdframed Info: mdframed detected package amsthm 
 changed the theorem header of amsthm
(mdframed)              on input line 1948.
Package mdframed Info: mdframed works in twoside mode on input line 1978.
Package mdframed Info: mdframed detected package amsthm 
 changed the theorem header of amsthm
(mdframed)              on input line 1978.
[51]
LaTeX Font Info:    Font shape `TU/Arial(0)/m/it' will be
(Font)              scaled to size 10.0pt on input line 2033.
[52] [53]
Package mdframed Info: mdframed works in twoside mode on input line 2088.
Package mdframed Info: mdframed detected package amsthm 
 changed the theorem header of amsthm
(mdframed)              on input line 2088.
Package mdframed Info: mdframed works in twoside mode on input line 2110.
Package mdframed Info: mdframed detected package amsthm 
 changed the theorem header of amsthm
(mdframed)              on input line 2110.
[54]
File: EcoStat_files/figure-latex/R2issue-1.pdf Graphic file (type pdf)
<use EcoStat_files/figure-latex/R2issue-1.pdf>
[55]
Package mdframed Info: mdframed works in twoside mode on input line 2163.
Package mdframed Info: mdframed detected package amsthm 
 changed the theorem header of amsthm
(mdframed)              on input line 2163.
Package mdframed Info: mdframed works in twoside mode on input line 2196.
Package mdframed Info: mdframed detected package amsthm 
 changed the theorem header of amsthm
(mdframed)              on input line 2196.
[56]
Package mdframed Info: mdframed works in twoside mode on input line 2204.
Package mdframed Info: mdframed detected package amsthm 
 changed the theorem header of amsthm
(mdframed)              on input line 2204.
LaTeX Font Info:    Font shape `TU/Arial(0)/m/it' will be
(Font)              scaled to size 9.0pt on input line 2227.
File: EcoStat_files/figure-latex/chartStudent-1.pdf Graphic file (type pdf)
<use EcoStat_files/figure-latex/chartStudent-1.pdf>
[57] [58]
Package mdframed Info: mdframed works in twoside mode on input line 2258.
Package mdframed Info: mdframed detected package amsthm 
 changed the theorem header of amsthm
(mdframed)              on input line 2258.
Package mdframed Info: Not enough space on this page on input line 2292.
[59] [60]
Package mdframed Info: mdframed works in twoside mode on input line 2378.
Package mdframed Info: mdframed detected package amsthm 
 changed the theorem header of amsthm
(mdframed)              on input line 2378.
Package mdframed Info: mdframed works in twoside mode on input line 2395.
Package mdframed Info: mdframed detected package amsthm 
 changed the theorem header of amsthm
(mdframed)              on input line 2395.
[61]
Package mdframed Info: mdframed works in twoside mode on input line 2428.
Package mdframed Info: mdframed detected package amsthm 
 changed the theorem header of amsthm
(mdframed)              on input line 2428.
[62]
Package mdframed Info: mdframed works in twoside mode on input line 2502.
Package mdframed Info: mdframed detected package amsthm 
 changed the theorem header of amsthm
(mdframed)              on input line 2502.
[63] [64]
Package mdframed Info: mdframed works in twoside mode on input line 2588.
Package mdframed Info: mdframed detected package amsthm 
 changed the theorem header of amsthm
(mdframed)              on input line 2588.
[65]
Package mdframed Info: mdframed works in twoside mode on input line 2626.
Package mdframed Info: mdframed detected package amsthm 
 changed the theorem header of amsthm
(mdframed)              on input line 2626.
[66]
Package mdframed Info: mdframed works in twoside mode on input line 2675.
Package mdframed Info: mdframed detected package amsthm 
 changed the theorem header of amsthm
(mdframed)              on input line 2675.
File: EcoStat_files/figure-latex/figureIV-1.pdf Graphic file (type pdf)
<use EcoStat_files/figure-latex/figureIV-1.pdf>

LaTeX Font Warning: Font shape `TU/lmtt/bx/it' in size <10.95> not available
(Font)              Font shape `TU/lmtt/b/sl' tried instead on input line 2710.

Package mdframed Info: Not enough space on this page on input line 2788.
Package mdframed Info: Box was splittet wrong
 starting loop to iterate the splitting point
(mdframed)              on input line 2788.
[67] [68]
Package mdframed Info: mdframed works in twoside mode on input line 2790.
Package mdframed Info: mdframed detected package amsthm 
 changed the theorem header of amsthm
(mdframed)              on input line 2790.
LaTeX Font Info:    Font shape `TU/Arial(0)/m/it' will be
(Font)              scaled to size 7.665pt on input line 2793.
LaTeX Font Info:    Font shape `TU/Arial(0)/m/it' will be
(Font)              scaled to size 6.0pt on input line 2793.
[69] [70]
Package mdframed Info: mdframed works in twoside mode on input line 2873.
Package mdframed Info: mdframed detected package amsthm 
 changed the theorem header of amsthm
(mdframed)              on input line 2873.
Package mdframed Info: mdframed works in twoside mode on input line 2904.
Package mdframed Info: mdframed detected package amsthm 
 changed the theorem header of amsthm
(mdframed)              on input line 2904.
[71]
Package mdframed Info: mdframed works in twoside mode on input line 2951.
Package mdframed Info: mdframed detected package amsthm 
 changed the theorem header of amsthm
(mdframed)              on input line 2951.
Package mdframed Info: mdframed works in twoside mode on input line 2964.
Package mdframed Info: mdframed detected package amsthm 
 changed the theorem header of amsthm
(mdframed)              on input line 2964.

Underfull \hbox (badness 2644) in paragraph at lines 2965--2966
[][]\TU/Arial(0)/b/n/10.95 Proposition 4.13 \TU/Arial(0)/m/n/10.95 (Consistency of the OLS estimator in the GRM framework)\TU/Arial(0)/b/n/10.95 . []\TU/Arial(0)/m/it/10.95 If
 []

[72]
Package mdframed Info: mdframed works in twoside mode on input line 2974.
Package mdframed Info: mdframed detected package amsthm 
 changed the theorem header of amsthm
(mdframed)              on input line 2974.
Package mdframed Info: mdframed works in twoside mode on input line 2983.
Package mdframed Info: mdframed detected package amsthm 
 changed the theorem header of amsthm
(mdframed)              on input line 2983.
[73]
Package mdframed Info: mdframed works in twoside mode on input line 3013.
Package mdframed Info: mdframed detected package amsthm 
 changed the theorem header of amsthm
(mdframed)              on input line 3013.
File: EcoStat_files/figure-latex/simulHeterosk-1.pdf Graphic file (type pdf)
<use EcoStat_files/figure-latex/simulHeterosk-1.pdf>
Package mdframed Info: Not enough space on this page on input line 3096.
[74]
Package mdframed Info: Box was splittet wrong
 starting loop to iterate the splitting point
(mdframed)              on input line 3096.
[75] [76]
Package mdframed Info: mdframed works in twoside mode on input line 3144.
Package mdframed Info: mdframed detected package amsthm 
 changed the theorem header of amsthm
(mdframed)              on input line 3144.
[77] [78]
Package mdframed Info: mdframed works in twoside mode on input line 3232.
Package mdframed Info: mdframed detected package amsthm 
 changed the theorem header of amsthm
(mdframed)              on input line 3232.
File: EcoStat_files/figure-latex/DB-1.pdf Graphic file (type pdf)
<use EcoStat_files/figure-latex/DB-1.pdf>

Package mdframed Warning: You got a bad break
(mdframed)                because the last box will be empty
(mdframed)                you have to change it manually
(mdframed)                by changing the text, the space
(mdframed)                or something else on input line 3266.

[79]
Package mdframed Info: mdframed works in twoside mode on input line 3299.
Package mdframed Info: mdframed detected package amsthm 
 changed the theorem header of amsthm
(mdframed)              on input line 3299.
[80] [81]
Package mdframed Info: mdframed works in twoside mode on input line 3345.
Package mdframed Info: mdframed detected package amsthm 
 changed the theorem header of amsthm
(mdframed)              on input line 3345.
Package mdframed Info: Not enough space on this page on input line 3350.
Package mdframed Info: mdframed works in twoside mode on input line 3352.
Package mdframed Info: mdframed detected package amsthm 
 changed the theorem header of amsthm
(mdframed)              on input line 3352.
[82] [83] [84]
File: EcoStat_files/figure-latex/lasso4-1.pdf Graphic file (type pdf)
<use EcoStat_files/figure-latex/lasso4-1.pdf>
[85]
File: EcoStat_files/figure-latex/lasso6-1.pdf Graphic file (type pdf)
<use EcoStat_files/figure-latex/lasso6-1.pdf>
[86] [87] [88]
Chapter 5.
File: EcoStat_files/figure-latex/simulPanel-1.pdf Graphic file (type pdf)
<use EcoStat_files/figure-latex/simulPanel-1.pdf>
File: EcoStat_files/figure-latex/cigarettes-1.pdf Graphic file (type pdf)
<use EcoStat_files/figure-latex/cigarettes-1.pdf>
[89

] [90]
Package mdframed Info: mdframed works in twoside mode on input line 3809.
Package mdframed Info: mdframed detected package amsthm 
 changed the theorem header of amsthm
(mdframed)              on input line 3809.
[91] [92] [93]
Package mdframed Info: mdframed works in twoside mode on input line 4034.
Package mdframed Info: mdframed detected package amsthm 
 changed the theorem header of amsthm
(mdframed)              on input line 4034.
[94] [95] [96] [97] [98]
Package mdframed Info: mdframed works in twoside mode on input line 4292.
Package mdframed Info: mdframed detected package amsthm 
 changed the theorem header of amsthm
(mdframed)              on input line 4292.
File: EcoStat_files/figure-latex/airbnb-1.pdf Graphic file (type pdf)
<use EcoStat_files/figure-latex/airbnb-1.pdf>

Underfull \hbox (badness 1960) in paragraph at lines 4381--4382
\TU/Arial(0)/m/n/10.95 assume homoskedastic, uncorrelated disturbances. HC1 allows heteroskedasticity.
 []

File: EcoStat_files/figure-latex/airbnb3-1.pdf Graphic file (type pdf)
<use EcoStat_files/figure-latex/airbnb3-1.pdf>
Package mdframed Info: Not enough space on this page on input line 4410.
[99] [100]
Package mdframed Info: Box was splittet wrong
 starting loop to iterate the splitting point
(mdframed)              on input line 4410.
[101] [102]
File: EcoStat_files/figure-latex/dynpanel1-1.pdf Graphic file (type pdf)
<use EcoStat_files/figure-latex/dynpanel1-1.pdf>
[103] [104] [105] [106] [107] [108] [109]
File: images/Abadie_et_al_2018.pdf Graphic file (type pdf)
<use images/Abadie_et_al_2018.pdf>
[110]
File: images/Figure_Meyer_et_al.pdf Graphic file (type pdf)
<use images/Figure_Meyer_et_al.pdf>
[111] [112]
Chapter 6.
Package mdframed Info: mdframed works in twoside mode on input line 4914.
Package mdframed Info: mdframed detected package amsthm 
 changed the theorem header of amsthm
(mdframed)              on input line 4914.
[113

] [114] [115] [116] [117]
File: EcoStat_files/figure-latex/MLE1-1.pdf Graphic file (type pdf)
<use EcoStat_files/figure-latex/MLE1-1.pdf>
[118]
File: EcoStat_files/figure-latex/MLE2-1.pdf Graphic file (type pdf)
<use EcoStat_files/figure-latex/MLE2-1.pdf>
File: EcoStat_files/figure-latex/MLE3-1.pdf Graphic file (type pdf)
<use EcoStat_files/figure-latex/MLE3-1.pdf>
[119] [120]
Package mdframed Info: mdframed works in twoside mode on input line 5220.
Package mdframed Info: mdframed detected package amsthm 
 changed the theorem header of amsthm
(mdframed)              on input line 5220.
Package mdframed Info: Not enough space on this page on input line 5225.
Package mdframed Info: mdframed works in twoside mode on input line 5229.
Package mdframed Info: mdframed detected package amsthm 
 changed the theorem header of amsthm
(mdframed)              on input line 5229.
Package mdframed Info: mdframed works in twoside mode on input line 5236.
Package mdframed Info: mdframed detected package amsthm 
 changed the theorem header of amsthm
(mdframed)              on input line 5236.
Package mdframed Info: mdframed works in twoside mode on input line 5253.
Package mdframed Info: mdframed detected package amsthm 
 changed the theorem header of amsthm
(mdframed)              on input line 5253.
Package mdframed Info: mdframed works in twoside mode on input line 5269.
Package mdframed Info: mdframed detected package amsthm 
 changed the theorem header of amsthm
(mdframed)              on input line 5269.
[121]
Package mdframed Info: mdframed works in twoside mode on input line 5276.
Package mdframed Info: mdframed detected package amsthm 
 changed the theorem header of amsthm
(mdframed)              on input line 5276.
Package mdframed Info: mdframed works in twoside mode on input line 5288.
Package mdframed Info: mdframed detected package amsthm 
 changed the theorem header of amsthm
(mdframed)              on input line 5288.
Package mdframed Info: mdframed works in twoside mode on input line 5310.
Package mdframed Info: mdframed detected package amsthm 
 changed the theorem header of amsthm
(mdframed)              on input line 5310.
Package mdframed Info: mdframed works in twoside mode on input line 5321.
Package mdframed Info: mdframed detected package amsthm 
 changed the theorem header of amsthm
(mdframed)              on input line 5321.

Overfull \hbox (56.88579pt too wide) in paragraph at lines 5329--5331
[] [][] [][][][][][][][] [][][][] [] []$ \TU/Arial(0)/m/n/10.95 because $[]$ is unbiased. Therefore $[][][][][][][][][][][] [] [][][][][][][][][][] [][][][][][][][][][]$.
 []

[122]
Package mdframed Info: mdframed works in twoside mode on input line 5333.
Package mdframed Info: mdframed detected package amsthm 
 changed the theorem header of amsthm
(mdframed)              on input line 5333.
Package mdframed Info: Not enough space on this page on input line 5338.
Package mdframed Info: mdframed works in twoside mode on input line 5340.
Package mdframed Info: mdframed detected package amsthm 
 changed the theorem header of amsthm
(mdframed)              on input line 5340.
Package mdframed Info: mdframed works in twoside mode on input line 5347.
Package mdframed Info: mdframed detected package amsthm 
 changed the theorem header of amsthm
(mdframed)              on input line 5347.
Package mdframed Info: mdframed works in twoside mode on input line 5354.
Package mdframed Info: mdframed detected package amsthm 
 changed the theorem header of amsthm
(mdframed)              on input line 5354.
Package mdframed Info: mdframed works in twoside mode on input line 5380.
Package mdframed Info: mdframed detected package amsthm 
 changed the theorem header of amsthm
(mdframed)              on input line 5380.
LaTeX Font Info:    Font shape `TU/Arial(0)/b/it' will be
(Font)              scaled to size 10.95pt on input line 5389.
[123] [124]
File: EcoStat_files/figure-latex/smiData-1.pdf Graphic file (type pdf)
<use EcoStat_files/figure-latex/smiData-1.pdf>
[125] [126] [127]
File: EcoStat_files/figure-latex/smidistri-1.pdf Graphic file (type pdf)
<use EcoStat_files/figure-latex/smidistri-1.pdf>
[128]
Package mdframed Info: mdframed works in twoside mode on input line 5668.
Package mdframed Info: mdframed detected package amsthm 
 changed the theorem header of amsthm
(mdframed)              on input line 5668.
Package mdframed Info: mdframed works in twoside mode on input line 5693.
Package mdframed Info: mdframed detected package amsthm 
 changed the theorem header of amsthm
(mdframed)              on input line 5693.
[129]
Package mdframed Info: mdframed works in twoside mode on input line 5714.
Package mdframed Info: mdframed detected package amsthm 
 changed the theorem header of amsthm
(mdframed)              on input line 5714.
Package mdframed Info: Not enough space on this page on input line 5723.
Package mdframed Info: mdframed works in twoside mode on input line 5725.
Package mdframed Info: mdframed detected package amsthm 
 changed the theorem header of amsthm
(mdframed)              on input line 5725.
LaTeX Font Info:    Font shape `TU/latinmodern-math.otf(1)/b/n' will be
(Font)              scaled to size 10.82826pt on input line 5748.
LaTeX Font Info:    Font shape `TU/latinmodern-math.otf(1)/b/n' will be
(Font)              scaled to size 7.21884pt on input line 5748.
LaTeX Font Info:    Font shape `TU/latinmodern-math.otf(1)/b/n' will be
(Font)              scaled to size 6.0157pt on input line 5748.
LaTeX Font Info:    Font shape `TU/latinmodern-math.otf(2)/b/n' will be
(Font)              scaled to size 10.82936pt on input line 5748.
LaTeX Font Info:    Font shape `TU/latinmodern-math.otf(2)/b/n' will be
(Font)              scaled to size 7.21957pt on input line 5748.
LaTeX Font Info:    Font shape `TU/latinmodern-math.otf(2)/b/n' will be
(Font)              scaled to size 6.01631pt on input line 5748.
LaTeX Font Info:    Font shape `TU/latinmodern-math.otf(3)/b/n' will be
(Font)              scaled to size 10.82716pt on input line 5748.
LaTeX Font Info:    Font shape `TU/latinmodern-math.otf(3)/b/n' will be
(Font)              scaled to size 7.21811pt on input line 5748.
LaTeX Font Info:    Font shape `TU/latinmodern-math.otf(3)/b/n' will be
(Font)              scaled to size 6.01509pt on input line 5748.
[130]
Package mdframed Info: mdframed works in twoside mode on input line 5781.
Package mdframed Info: mdframed detected package amsthm 
 changed the theorem header of amsthm
(mdframed)              on input line 5781.
[131] [132] [133]
File: EcoStat_files/figure-latex/MCMC1-1.pdf Graphic file (type pdf)
<use EcoStat_files/figure-latex/MCMC1-1.pdf>
[134] [135]
File: EcoStat_files/figure-latex/MCMC8-1.pdf Graphic file (type pdf)
<use EcoStat_files/figure-latex/MCMC8-1.pdf>
LaTeX Font Info:    Font shape `TU/latinmodern-math.otf(1)/b/n' will be
(Font)              scaled to size 12.0314pt on input line 5984.
LaTeX Font Info:    Font shape `TU/latinmodern-math.otf(1)/b/n' will be
(Font)              scaled to size 8.42198pt on input line 5984.
LaTeX Font Info:    Font shape `TU/latinmodern-math.otf(2)/b/n' will be
(Font)              scaled to size 12.03262pt on input line 5984.
LaTeX Font Info:    Font shape `TU/latinmodern-math.otf(2)/b/n' will be
(Font)              scaled to size 8.42284pt on input line 5984.
LaTeX Font Info:    Font shape `TU/latinmodern-math.otf(3)/b/n' will be
(Font)              scaled to size 12.03018pt on input line 5984.
LaTeX Font Info:    Font shape `TU/latinmodern-math.otf(3)/b/n' will be
(Font)              scaled to size 8.42113pt on input line 5984.
[136]
Chapter 7.
File: EcoStat_files/figure-latex/LPM-1.pdf Graphic file (type pdf)
<use EcoStat_files/figure-latex/LPM-1.pdf>

Overfull \hbox (7.25545pt too wide) in paragraph at lines 6039--6039
[] [] 
 []

[137

]
File: EcoStat_files/figure-latex/ProbLogit-1.pdf Graphic file (type pdf)
<use EcoStat_files/figure-latex/ProbLogit-1.pdf>
File: EcoStat_files/figure-latex/LPM2-1.pdf Graphic file (type pdf)
<use EcoStat_files/figure-latex/LPM2-1.pdf>

Overfull \vbox (313.98326pt too high) has occurred while \output is active []

[138]
File: EcoStat_files/figure-latex/Latent-1.pdf Graphic file (type pdf)
<use EcoStat_files/figure-latex/Latent-1.pdf>
[139]
Package mdframed Info: mdframed works in twoside mode on input line 6131.
Package mdframed Info: mdframed detected package amsthm 
 changed the theorem header of amsthm
(mdframed)              on input line 6131.
[140]
Package mdframed Info: mdframed works in twoside mode on input line 6176.
Package mdframed Info: mdframed detected package amsthm 
 changed the theorem header of amsthm
(mdframed)              on input line 6176.
[141] [142]
Package mdframed Info: mdframed works in twoside mode on input line 6293.
Package mdframed Info: mdframed detected package amsthm 
 changed the theorem header of amsthm
(mdframed)              on input line 6293.
File: EcoStat_files/figure-latex/Probitlending-1.pdf Graphic file (type pdf)
<use EcoStat_files/figure-latex/Probitlending-1.pdf>
[143] [144] [145] [146]
Package mdframed Info: mdframed works in twoside mode on input line 6452.
Package mdframed Info: mdframed detected package amsthm 
 changed the theorem header of amsthm
(mdframed)              on input line 6452.
Package mdframed Info: Not enough space on this page on input line 6513.
[147]
Package mdframed Info: mdframed works in twoside mode on input line 6533.
Package mdframed Info: mdframed detected package amsthm 
 changed the theorem header of amsthm
(mdframed)              on input line 6533.
File: EcoStat_files/figure-latex/fishing3-1.pdf Graphic file (type pdf)
<use EcoStat_files/figure-latex/fishing3-1.pdf>
[148]
Chapter 8.
Package mdframed Info: mdframed works in twoside mode on input line 6568.
Package mdframed Info: mdframed detected package amsthm 
 changed the theorem header of amsthm
(mdframed)              on input line 6568.
Package mdframed Info: mdframed works in twoside mode on input line 6588.
Package mdframed Info: mdframed detected package amsthm 
 changed the theorem header of amsthm
(mdframed)              on input line 6588.
Package mdframed Info: mdframed works in twoside mode on input line 6597.
Package mdframed Info: mdframed detected package amsthm 
 changed the theorem header of amsthm
(mdframed)              on input line 6597.
[149

]
Package mdframed Info: mdframed works in twoside mode on input line 6605.
Package mdframed Info: mdframed detected package amsthm 
 changed the theorem header of amsthm
(mdframed)              on input line 6605.
Package mdframed Info: Not enough space on this page on input line 6611.
Package mdframed Info: mdframed works in twoside mode on input line 6638.
Package mdframed Info: mdframed detected package amsthm 
 changed the theorem header of amsthm
(mdframed)              on input line 6638.
[150]
Package mdframed Info: mdframed works in twoside mode on input line 6650.
Package mdframed Info: mdframed detected package amsthm 
 changed the theorem header of amsthm
(mdframed)              on input line 6650.
Package mdframed Info: Not enough space on this page on input line 6655.
File: EcoStat_files/figure-latex/nonstat1-1.pdf Graphic file (type pdf)
<use EcoStat_files/figure-latex/nonstat1-1.pdf>
Package mdframed Info: mdframed works in twoside mode on input line 6666.
Package mdframed Info: mdframed detected package amsthm 
 changed the theorem header of amsthm
(mdframed)              on input line 6666.
File: EcoStat_files/figure-latex/nonstat2-1.pdf Graphic file (type pdf)
<use EcoStat_files/figure-latex/nonstat2-1.pdf>
Package mdframed Info: mdframed works in twoside mode on input line 6683.
Package mdframed Info: mdframed detected package amsthm 
 changed the theorem header of amsthm
(mdframed)              on input line 6683.
[151]
Package mdframed Info: mdframed works in twoside mode on input line 6691.
Package mdframed Info: mdframed detected package amsthm 
 changed the theorem header of amsthm
(mdframed)              on input line 6691.
Package mdframed Info: Not enough space on this page on input line 6696.
File: EcoStat_files/figure-latex/autocov-1.pdf Graphic file (type pdf)
<use EcoStat_files/figure-latex/autocov-1.pdf>
File: EcoStat_files/figure-latex/autocov2-1.pdf Graphic file (type pdf)
<use EcoStat_files/figure-latex/autocov2-1.pdf>
Package mdframed Info: mdframed works in twoside mode on input line 6714.
Package mdframed Info: mdframed detected package amsthm 
 changed the theorem header of amsthm
(mdframed)              on input line 6714.
Package mdframed Info: mdframed works in twoside mode on input line 6721.
Package mdframed Info: mdframed detected package amsthm 
 changed the theorem header of amsthm
(mdframed)              on input line 6721.
[152] [153]
Package mdframed Info: mdframed works in twoside mode on input line 6730.
Package mdframed Info: mdframed detected package amsthm 
 changed the theorem header of amsthm
(mdframed)              on input line 6730.
Package mdframed Info: Not enough space on this page on input line 6739.
Package mdframed Info: mdframed works in twoside mode on input line 6745.
Package mdframed Info: mdframed detected package amsthm 
 changed the theorem header of amsthm
(mdframed)              on input line 6745.
File: EcoStat_files/figure-latex/TVTCL-1.pdf Graphic file (type pdf)
<use EcoStat_files/figure-latex/TVTCL-1.pdf>

Underfull \hbox (badness 10000) in paragraph at lines 6769--6770

 []

[154]
Package mdframed Info: mdframed works in twoside mode on input line 6778.
Package mdframed Info: mdframed detected package amsthm 
 changed the theorem header of amsthm
(mdframed)              on input line 6778.
[155]
Package mdframed Info: mdframed works in twoside mode on input line 6819.
Package mdframed Info: mdframed detected package amsthm 
 changed the theorem header of amsthm
(mdframed)              on input line 6819.
Package mdframed Info: mdframed works in twoside mode on input line 6827.
Package mdframed Info: mdframed detected package amsthm 
 changed the theorem header of amsthm
(mdframed)              on input line 6827.
[156]
File: EcoStat_files/figure-latex/simMA-1.pdf Graphic file (type pdf)
<use EcoStat_files/figure-latex/simMA-1.pdf>
Package mdframed Info: mdframed works in twoside mode on input line 6878.
Package mdframed Info: mdframed detected package amsthm 
 changed the theorem header of amsthm
(mdframed)              on input line 6878.
Package mdframed Info: mdframed works in twoside mode on input line 6884.
Package mdframed Info: mdframed detected package amsthm 
 changed the theorem header of amsthm
(mdframed)              on input line 6884.
[157]
Package mdframed Info: mdframed works in twoside mode on input line 6900.
Package mdframed Info: mdframed detected package amsthm 
 changed the theorem header of amsthm
(mdframed)              on input line 6900.
Package mdframed Info: mdframed works in twoside mode on input line 6927.
Package mdframed Info: mdframed detected package amsthm 
 changed the theorem header of amsthm
(mdframed)              on input line 6927.

Underfull \hbox (badness 1895) in paragraph at lines 6928--6929
[][]\TU/Arial(0)/b/n/10.95 Definition 8.13 \TU/Arial(0)/m/n/10.95 (First-order AR process (AR(1)))\TU/Arial(0)/b/n/10.95 . []\TU/Arial(0)/m/n/10.95 Consider a white noise process
 []

[158]
Overfull \hbox (5.50177pt too wide) in alignment at lines 6956--6961
 [][][] []
 []

Package mdframed Info: mdframed works in twoside mode on input line 6967.
Package mdframed Info: mdframed detected package amsthm 
 changed the theorem header of amsthm
(mdframed)              on input line 6967.
Package mdframed Info: mdframed works in twoside mode on input line 6971.
Package mdframed Info: mdframed detected package amsthm 
 changed the theorem header of amsthm
(mdframed)              on input line 6971.
[159]
Package mdframed Info: mdframed works in twoside mode on input line 7022.
Package mdframed Info: mdframed detected package amsthm 
 changed the theorem header of amsthm
(mdframed)              on input line 7022.
Package mdframed Info: mdframed works in twoside mode on input line 7029.
Package mdframed Info: mdframed detected package amsthm 
 changed the theorem header of amsthm
(mdframed)              on input line 7029.
[160] [161]
Package mdframed Info: mdframed works in twoside mode on input line 7145.
Package mdframed Info: mdframed detected package amsthm 
 changed the theorem header of amsthm
(mdframed)              on input line 7145.

Underfull \hbox (badness 1137) in paragraph at lines 7146--7147
[][]\TU/Arial(0)/b/n/10.95 Definition 8.15 \TU/Arial(0)/m/n/10.95 (Partial auto-correlation)\TU/Arial(0)/b/n/10.95 . []\TU/Arial(0)/m/n/10.95 In a time series context, the partial auto-
 []

Package mdframed Info: Not enough space on this page on input line 7147.
File: EcoStat_files/figure-latex/pacf-1.pdf Graphic file (type pdf)
<use EcoStat_files/figure-latex/pacf-1.pdf>

Underfull \hbox (badness 10000) in paragraph at lines 7179--7180

 []

[162]
Package mdframed Info: mdframed works in twoside mode on input line 7212.
Package mdframed Info: mdframed detected package amsthm 
 changed the theorem header of amsthm
(mdframed)              on input line 7212.
Package mdframed Info: mdframed works in twoside mode on input line 7220.
Package mdframed Info: mdframed detected package amsthm 
 changed the theorem header of amsthm
(mdframed)              on input line 7220.
[163]
Package mdframed Info: mdframed works in twoside mode on input line 7254.
Package mdframed Info: mdframed detected package amsthm 
 changed the theorem header of amsthm
(mdframed)              on input line 7254.
Package mdframed Info: Box was splittet wrong
 starting loop to iterate the splitting point
(mdframed)              on input line 7281.
[164]
Package mdframed Info: mdframed works in twoside mode on input line 7283.
Package mdframed Info: mdframed detected package amsthm 
 changed the theorem header of amsthm
(mdframed)              on input line 7283.
[165] [166]
Package mdframed Info: mdframed works in twoside mode on input line 7376.
Package mdframed Info: mdframed detected package amsthm 
 changed the theorem header of amsthm
(mdframed)              on input line 7376.
Package mdframed Info: Not enough space on this page on input line 7441.
Package mdframed Info: Box was splittet wrong
 starting loop to iterate the splitting point
(mdframed)              on input line 7441.
[167] [168]
Chapter 9.
[169

] [170]
File: EcoStat_files/figure-latex/USydsPCA1-1.pdf Graphic file (type pdf)
<use EcoStat_files/figure-latex/USydsPCA1-1.pdf>

Overfull \hbox (14.50975pt too wide) in paragraph at lines 7553--7554
[][]
 []


Underfull \hbox (badness 10000) in paragraph at lines 7553--7554

 []

[171]
Package mdframed Info: mdframed works in twoside mode on input line 7560.
Package mdframed Info: mdframed detected package amsthm 
 changed the theorem header of amsthm
(mdframed)              on input line 7560.
Package mdframed Info: Not enough space on this page on input line 7566.
Package mdframed Info: mdframed works in twoside mode on input line 7568.
Package mdframed Info: mdframed detected package amsthm 
 changed the theorem header of amsthm
(mdframed)              on input line 7568.
Package mdframed Info: mdframed works in twoside mode on input line 7588.
Package mdframed Info: mdframed detected package amsthm 
 changed the theorem header of amsthm
(mdframed)              on input line 7588.
Package mdframed Info: mdframed works in twoside mode on input line 7607.
Package mdframed Info: mdframed detected package amsthm 
 changed the theorem header of amsthm
(mdframed)              on input line 7607.
Package mdframed Info: mdframed works in twoside mode on input line 7625.
Package mdframed Info: mdframed detected package amsthm 
 changed the theorem header of amsthm
(mdframed)              on input line 7625.
Package mdframed Info: mdframed works in twoside mode on input line 7631.
Package mdframed Info: mdframed detected package amsthm 
 changed the theorem header of amsthm
(mdframed)              on input line 7631.
[172]
Package mdframed Info: mdframed works in twoside mode on input line 7639.
Package mdframed Info: mdframed detected package amsthm 
 changed the theorem header of amsthm
(mdframed)              on input line 7639.
Package mdframed Info: mdframed works in twoside mode on input line 7647.
Package mdframed Info: mdframed detected package amsthm 
 changed the theorem header of amsthm
(mdframed)              on input line 7647.
Package mdframed Info: mdframed works in twoside mode on input line 7664.
Package mdframed Info: mdframed detected package amsthm 
 changed the theorem header of amsthm
(mdframed)              on input line 7664.
Package mdframed Info: mdframed works in twoside mode on input line 7673.
Package mdframed Info: mdframed detected package amsthm 
 changed the theorem header of amsthm
(mdframed)              on input line 7673.
[173]
Package mdframed Info: mdframed works in twoside mode on input line 7690.
Package mdframed Info: mdframed detected package amsthm 
 changed the theorem header of amsthm
(mdframed)              on input line 7690.
Package mdframed Info: mdframed works in twoside mode on input line 7705.
Package mdframed Info: mdframed detected package amsthm 
 changed the theorem header of amsthm
(mdframed)              on input line 7705.
Package mdframed Info: mdframed works in twoside mode on input line 7720.
Package mdframed Info: mdframed detected package amsthm 
 changed the theorem header of amsthm
(mdframed)              on input line 7720.
Package mdframed Info: mdframed works in twoside mode on input line 7729.
Package mdframed Info: mdframed detected package amsthm 
 changed the theorem header of amsthm
(mdframed)              on input line 7729.
[174]
Package mdframed Info: mdframed works in twoside mode on input line 7750.
Package mdframed Info: mdframed detected package amsthm 
 changed the theorem header of amsthm
(mdframed)              on input line 7750.
Package mdframed Info: Not enough space on this page on input line 7756.
Package mdframed Info: mdframed works in twoside mode on input line 7766.
Package mdframed Info: mdframed detected package amsthm 
 changed the theorem header of amsthm
(mdframed)              on input line 7766.
Package mdframed Info: mdframed works in twoside mode on input line 7774.
Package mdframed Info: mdframed detected package amsthm 
 changed the theorem header of amsthm
(mdframed)              on input line 7774.
Package mdframed Info: mdframed works in twoside mode on input line 7782.
Package mdframed Info: mdframed detected package amsthm 
 changed the theorem header of amsthm
(mdframed)              on input line 7782.
Package mdframed Info: mdframed works in twoside mode on input line 7789.
Package mdframed Info: mdframed detected package amsthm 
 changed the theorem header of amsthm
(mdframed)              on input line 7789.

Underfull \hbox (badness 1412) in paragraph at lines 7806--7807
[]$[] [] [] [][][][]$ \TU/Arial(0)/m/n/10.95 is a convex function. Therefore $[][][][] [] [][][][][][][][][][][] []
 []

[175]
Package mdframed Info: mdframed works in twoside mode on input line 7809.
Package mdframed Info: mdframed detected package amsthm 
 changed the theorem header of amsthm
(mdframed)              on input line 7809.
Package mdframed Info: mdframed works in twoside mode on input line 7818.
Package mdframed Info: mdframed detected package amsthm 
 changed the theorem header of amsthm
(mdframed)              on input line 7818.
Package mdframed Info: mdframed works in twoside mode on input line 7826.
Package mdframed Info: mdframed detected package amsthm 
 changed the theorem header of amsthm
(mdframed)              on input line 7826.
Package mdframed Info: mdframed works in twoside mode on input line 7834.
Package mdframed Info: mdframed detected package amsthm 
 changed the theorem header of amsthm
(mdframed)              on input line 7834.
Package mdframed Info: mdframed works in twoside mode on input line 7839.
Package mdframed Info: mdframed detected package amsthm 
 changed the theorem header of amsthm
(mdframed)              on input line 7839.
File: EcoStat_files/figure-latex/Cauchy-1.pdf Graphic file (type pdf)
<use EcoStat_files/figure-latex/Cauchy-1.pdf>
Package mdframed Info: Box was splittet wrong
 starting loop to iterate the splitting point
(mdframed)              on input line 7855.
[176]
Package mdframed Info: mdframed works in twoside mode on input line 7857.
Package mdframed Info: mdframed detected package amsthm 
 changed the theorem header of amsthm
(mdframed)              on input line 7857.

Underfull \hbox (badness 1173) in paragraph at lines 7858--7859
[][]\TU/Arial(0)/b/n/10.95 Proposition 9.10 \TU/Arial(0)/m/n/10.95 (Inner product of a multivariate Gaussian variable)\TU/Arial(0)/b/n/10.95 . []\TU/Arial(0)/m/it/10.95 Let $[]$ be a
 []

[177]
Package mdframed Info: mdframed works in twoside mode on input line 7870.
Package mdframed Info: mdframed detected package amsthm 
 changed the theorem header of amsthm
(mdframed)              on input line 7870.
Package mdframed Info: Not enough space on this page on input line 7881.
Package mdframed Info: mdframed works in twoside mode on input line 7885.
Package mdframed Info: mdframed detected package amsthm 
 changed the theorem header of amsthm
(mdframed)              on input line 7885.
Package mdframed Info: mdframed works in twoside mode on input line 7900.
Package mdframed Info: mdframed detected package amsthm 
 changed the theorem header of amsthm
(mdframed)              on input line 7900.

Underfull \hbox (badness 3291) in paragraph at lines 7901--7902
[][]\TU/Arial(0)/b/n/10.95 Definition 9.16 \TU/Arial(0)/m/n/10.95 (Convergence in probability)\TU/Arial(0)/b/n/10.95 . []\TU/Arial(0)/m/n/10.95 The random variable sequence $[][]$
 []

Package mdframed Info: mdframed works in twoside mode on input line 7906.
Package mdframed Info: mdframed detected package amsthm 
 changed the theorem header of amsthm
(mdframed)              on input line 7906.
[178]
Package mdframed Info: mdframed works in twoside mode on input line 7916.
Package mdframed Info: mdframed detected package amsthm 
 changed the theorem header of amsthm
(mdframed)              on input line 7916.
Package mdframed Info: Not enough space on this page on input line 7920.
Package mdframed Info: mdframed works in twoside mode on input line 7922.
Package mdframed Info: mdframed detected package amsthm 
 changed the theorem header of amsthm
(mdframed)              on input line 7922.
Package mdframed Info: mdframed works in twoside mode on input line 7932.
Package mdframed Info: mdframed detected package amsthm 
 changed the theorem header of amsthm
(mdframed)              on input line 7932.
Package mdframed Info: mdframed works in twoside mode on input line 7952.
Package mdframed Info: mdframed detected package amsthm 
 changed the theorem header of amsthm
(mdframed)              on input line 7952.
[179]

Package hyperref Warning: Suppressing link with empty target on input line 7976.

Package mdframed Info: mdframed works in twoside mode on input line 7987.
Package mdframed Info: mdframed detected package amsthm 
 changed the theorem header of amsthm
(mdframed)              on input line 7987.
[180]
Package mdframed Info: mdframed works in twoside mode on input line 7996.
Package mdframed Info: mdframed detected package amsthm 
 changed the theorem header of amsthm
(mdframed)              on input line 7996.
Package mdframed Info: Not enough space on this page on input line 8004.
Package mdframed Info: mdframed works in twoside mode on input line 8006.
Package mdframed Info: mdframed detected package amsthm 
 changed the theorem header of amsthm
(mdframed)              on input line 8006.
Package mdframed Info: mdframed works in twoside mode on input line 8013.
Package mdframed Info: mdframed detected package amsthm 
 changed the theorem header of amsthm
(mdframed)              on input line 8013.
Package mdframed Info: mdframed works in twoside mode on input line 8022.
Package mdframed Info: mdframed detected package amsthm 
 changed the theorem header of amsthm
(mdframed)              on input line 8022.
[181]
Package mdframed Info: mdframed works in twoside mode on input line 8038.
Package mdframed Info: mdframed detected package amsthm 
 changed the theorem header of amsthm
(mdframed)              on input line 8038.
Package mdframed Info: Not enough space on this page on input line 8043.

Overfull \hbox (51.44112pt too wide) in paragraph at lines 8046--8047
[]\TU/Arial(0)/m/n/10.95 Let us introduce the r.v. $[][] [][] [][][] [] [][]$. We have $[][][][][] [] [][]$.
 []

Package mdframed Info: mdframed works in twoside mode on input line 8057.
Package mdframed Info: mdframed detected package amsthm 
 changed the theorem header of amsthm
(mdframed)              on input line 8057.
Package mdframed Info: mdframed works in twoside mode on input line 8065.
Package mdframed Info: mdframed detected package amsthm 
 changed the theorem header of amsthm
(mdframed)              on input line 8065.
Package mdframed Info: mdframed works in twoside mode on input line 8097.
Package mdframed Info: mdframed detected package amsthm 
 changed the theorem header of amsthm
(mdframed)              on input line 8097.
[182]
File: EcoStat_files/figure-latex/inverseMills-1.pdf Graphic file (type pdf)
<use EcoStat_files/figure-latex/inverseMills-1.pdf>

Overfull \hbox (14.50975pt too wide) in paragraph at lines 8133--8134
[][]
 []


Underfull \hbox (badness 10000) in paragraph at lines 8133--8134

 []

Package mdframed Info: mdframed works in twoside mode on input line 8138.
Package mdframed Info: mdframed detected package amsthm 
 changed the theorem header of amsthm
(mdframed)              on input line 8138.
[183] [184] [185] [186] [187]
Overfull \hbox (7.0855pt too wide) in alignment at lines 8354--8360
 [][][] []
 []

[188]
Overfull \hbox (44.8675pt too wide) in alignment at lines 8373--8378
 [][][] []
 []


Overfull \hbox (12.06435pt too wide) detected at line 8387
[] [] [] [] [] [][][][]
 []

[189] [190]
LaTeX Font Info:    Font shape `TU/Arial(0)/m/n' will be
(Font)              scaled to size 9.5pt on input line 8469.

Overfull \hbox (7.25545pt too wide) in paragraph at lines 8472--8472
[] [] 
 []


Overfull \hbox (7.25545pt too wide) in paragraph at lines 8477--8477
[] [] 
 []

[191]
Overfull \hbox (7.25545pt too wide) in paragraph at lines 8529--8529
[] [] 
 []


Overfull \hbox (7.25545pt too wide) in paragraph at lines 8534--8534
[] [] 
 []

ignored error: Infinite glue shrinkage found in box being split [192]
Overfull \hbox (7.25545pt too wide) in paragraph at lines 8574--8574
[] [] 
 []


Overfull \hbox (7.25545pt too wide) in paragraph at lines 8579--8579
[] [] 
 []


Overfull \hbox (7.25545pt too wide) in paragraph at lines 8619--8619
[] [] 
 []


Overfull \hbox (19.17818pt too wide) in alignment at lines 8618--8623
 [] [] [] [] [] [] [] [] [] [] [] 
 []


Overfull \hbox (7.25545pt too wide) in paragraph at lines 8624--8624
[] [] 
 []


Overfull \hbox (19.17818pt too wide) in alignment at lines 8623--8628
 [] [] [] [] [] [] [] [] [] [] [] 
 []


Overfull \hbox (19.17818pt too wide) in alignment at lines 8628--8630
 [] [] [] [] [] [] [] [] [] [] [] 
 []


Overfull \hbox (19.17818pt too wide) in alignment at lines 8630--8632
 [] [] [] [] [] [] [] [] [] [] [] 
 []


Overfull \hbox (19.17818pt too wide) in alignment at lines 8632--8661
 [] [] [] [] [] [] [] [] [] [] [] 
 []

ignored error: Infinite glue shrinkage found in box being split [193] (./EcoStat.bbl [194] [195

]) [196] (./EcoStat.aux)
 ***********
LaTeX2e <2025-11-01>
L3 programming layer <2025-11-14>
 ***********
 ) 
Here is how much of TeX's memory you used:
 25527 strings out of 470152
 489356 string characters out of 5476750
 1167751 words of memory out of 5000000
 53637 multiletter control sequences out of 15000+600000
 646325 words of font info for 219 fonts, out of 8000000 for 9000
 36 hyphenation exceptions out of 8191
 90i,14n,118p,1873b,911s stack positions out of 10000i,1000n,20000p,200000b,200000s

Output written on EcoStat.pdf (196 pages).
